-- phpMyAdmin SQL Dump
-- version 3.2.4
-- http://www.phpmyadmin.net
--
-- Host: localhost
-- Generation Time: Nov 23, 2016 at 10:16 AM
-- Server version: 5.1.41
-- PHP Version: 5.3.1

SET SQL_MODE="NO_AUTO_VALUE_ON_ZERO";


/*!40101 SET @OLD_CHARACTER_SET_CLIENT=@@CHARACTER_SET_CLIENT */;
/*!40101 SET @OLD_CHARACTER_SET_RESULTS=@@CHARACTER_SET_RESULTS */;
/*!40101 SET @OLD_COLLATION_CONNECTION=@@COLLATION_CONNECTION */;
/*!40101 SET NAMES utf8 */;

--
-- Database: `marriou2_marriott`
--

-- --------------------------------------------------------

--
-- Table structure for table `album_details`
--

CREATE TABLE IF NOT EXISTS `album_details` (
  `id` int(11) NOT NULL AUTO_INCREMENT,
  `user_id` bigint(50) NOT NULL,
  `groom_name` varchar(255) NOT NULL,
  `bride_name` varchar(255) NOT NULL,
  `album_caption` varchar(255) NOT NULL,
  `is_mail_send` int(1) NOT NULL,
  `album_url` varchar(255) NOT NULL,
  `created_on` timestamp NOT NULL DEFAULT CURRENT_TIMESTAMP ON UPDATE CURRENT_TIMESTAMP,
  `modified_on` timestamp NOT NULL DEFAULT '0000-00-00 00:00:00',
  PRIMARY KEY (`id`)
) ENGINE=InnoDB  DEFAULT CHARSET=latin1 AUTO_INCREMENT=84 ;

--
-- Dumping data for table `album_details`
--

INSERT INTO `album_details` (`id`, `user_id`, `groom_name`, `bride_name`, `album_caption`, `is_mail_send`, `album_url`, `created_on`, `modified_on`) VALUES
(1, 1, 'Raja', 'Rani', 'Raja & Rani', 1, 'MUBAQDE=', '2014-11-03 15:20:14', '0000-00-00 00:00:00'),
(2, 1, 'Raja', 'Rani', 'Raja & Rani', 1, 'MUBAQDI=', '2014-11-10 18:05:39', '0000-00-00 00:00:00'),
(3, 1, 'raja', 'rani', 'new', 0, '', '2014-11-10 18:21:25', '0000-00-00 00:00:00'),
(4, 1, 'Raja', 'Rani', 'Raja $ Rani', 1, 'MUBAQDQ=', '2014-11-11 11:59:40', '0000-00-00 00:00:00'),
(5, 1, 'Raja', 'Rani', 'Raja $ Rani', 0, '', '2014-11-11 12:14:32', '0000-00-00 00:00:00'),
(6, 3, 'bride', 'groom', 'bride & groom', 1, 'M0BAQDY=', '2014-12-11 10:58:05', '0000-00-00 00:00:00'),
(7, 5, 'Raj', 'Shilpa', 'Raj and Shilpa', 1, 'NUBAQDc=', '2015-02-13 09:32:06', '0000-00-00 00:00:00'),
(8, 6, 'raj', 'siva', 'raj&siva', 1, 'NkBAQDg=', '2015-02-24 12:37:19', '0000-00-00 00:00:00'),
(9, 7, 'abc', 'xyz', 'kodumai', 0, '', '2015-02-24 16:21:43', '0000-00-00 00:00:00'),
(10, 8, 'Mithun', 'Abhilasha', 'US! ', 0, '', '2015-02-25 11:34:07', '0000-00-00 00:00:00'),
(11, 9, 'Abhi ', 'Rekha', '1234', 0, '', '2015-03-05 14:57:39', '0000-00-00 00:00:00'),
(12, 7, 'raja', 'rani', 'super!', 0, '', '2015-03-10 12:58:15', '0000-00-00 00:00:00'),
(13, 1, 'Ajay', 'jj', 'ggg', 0, '', '2015-05-07 10:57:25', '0000-00-00 00:00:00'),
(15, 20, 'Shyam', 'Sowmya', 'This is a Test Album', 1, 'MjBAQEAxNQ==', '2016-04-05 14:58:16', '0000-00-00 00:00:00'),
(17, 19, 'asd', 'asd', 'asd', 1, 'MTlAQEAxNw==', '2015-06-09 14:05:14', '0000-00-00 00:00:00'),
(20, 21, 'Prasad', 'Snigdha', 'Prasad weds Snigdha', 1, 'MjFAQEAyMA==', '2015-06-05 11:48:26', '0000-00-00 00:00:00'),
(21, 29, '', '', '', 0, '', '2015-06-26 15:42:22', '0000-00-00 00:00:00'),
(22, 31, '', '', '', 0, '', '2015-06-28 13:47:54', '0000-00-00 00:00:00'),
(25, 33, '', '', '', 0, '', '2015-07-07 11:43:16', '0000-00-00 00:00:00'),
(26, 33, '', '', '', 0, '', '2015-07-07 11:43:21', '0000-00-00 00:00:00'),
(28, 49, '', '', '', 0, '', '2015-07-12 20:08:51', '0000-00-00 00:00:00'),
(32, 62, 'parel', 'anjali', 'mandya huduga hudugi', 0, '', '2015-08-17 18:29:47', '0000-00-00 00:00:00'),
(33, 62, 'parel', 'anjali', 'mandya Gandu Hennu', 0, '', '2015-08-17 18:37:26', '0000-00-00 00:00:00'),
(34, 78, '', '', '', 0, '', '2015-08-22 15:41:10', '0000-00-00 00:00:00'),
(35, 90, '', '', '', 0, '', '2015-09-08 15:00:10', '0000-00-00 00:00:00'),
(39, 94, 'Tanu', 'Manu', 'Our Engagement Album ', 0, '', '2015-10-26 11:04:53', '0000-00-00 00:00:00'),
(45, 18, '', '', '', 0, '', '2015-11-20 10:41:18', '0000-00-00 00:00:00'),
(46, 103, '', '', '', 0, '', '2015-11-30 09:34:56', '0000-00-00 00:00:00'),
(47, 104, 'satish', 'Puja', 'our big day', 0, '', '2015-12-01 10:52:50', '0000-00-00 00:00:00'),
(48, 104, '', '', '', 0, '', '2015-12-03 13:08:27', '0000-00-00 00:00:00'),
(49, 104, '', '', '', 0, '', '2015-12-04 11:09:41', '0000-00-00 00:00:00'),
(50, 94, 'A', '', '', 0, '', '2016-02-09 14:20:06', '0000-00-00 00:00:00'),
(51, 21, 'Test', 'Testy', 'Testing aksdjhakfnaslfkmnsd', 0, '', '2016-02-11 15:44:31', '0000-00-00 00:00:00'),
(52, 113, 'URMI', 'SAUMEN', 'Dream Comes True', 1, 'MTEzQEBANTI=', '2016-02-20 19:59:42', '0000-00-00 00:00:00'),
(53, 98, 'A', 'B', 'A&B', 1, 'OThAQEA1Mw==', '2016-03-22 14:15:38', '0000-00-00 00:00:00'),
(55, 114, 'A', 'B', '123', 0, '', '2016-03-24 15:01:37', '0000-00-00 00:00:00'),
(59, 126, 'SAKIB', 'AASMA', 'WEDDING', 0, '', '2016-05-22 01:36:47', '0000-00-00 00:00:00'),
(62, 132, '', '', '', 0, '', '2016-06-10 20:51:47', '0000-00-00 00:00:00'),
(64, 136, 'Devandira', 'Arulmozhi', 'Cherishing every moment', 0, '', '2016-07-06 11:04:31', '0000-00-00 00:00:00'),
(67, 22, '', '', '', 0, '', '2016-08-01 17:59:22', '0000-00-00 00:00:00'),
(68, 141, 'varsha', 'vinod', 'happy moments', 0, '', '2016-08-03 10:25:03', '0000-00-00 00:00:00'),
(70, 23, 'Nikhil', 'Prachi', 'Jan 21 2016.............', 0, '', '2016-08-15 23:16:50', '0000-00-00 00:00:00'),
(71, 24, '', '', '', 0, '', '2016-08-20 07:47:23', '0000-00-00 00:00:00'),
(72, 25, '', '', 'Engagement', 0, '', '2016-08-20 12:56:32', '0000-00-00 00:00:00'),
(73, 26, '', '', '', 0, '', '2016-08-31 22:10:27', '0000-00-00 00:00:00'),
(74, 26, 'jk', 'lll', 'jjjj', 0, '', '2016-08-31 22:11:31', '0000-00-00 00:00:00'),
(75, 144, 'Test', 'Test', 'Test o test', 1, 'MTQ0QEBANzU=', '2016-09-01 14:30:09', '0000-00-00 00:00:00'),
(77, 144, 'Ananth', 'Aradhana', 'Ananth & Aradhana', 0, '', '2016-09-01 14:51:31', '0000-00-00 00:00:00'),
(78, 145, '', '', '', 0, '', '2016-09-02 11:42:26', '0000-00-00 00:00:00'),
(79, 146, 'Robert', 'Leema', 'sample', 0, '', '2016-09-04 22:19:07', '0000-00-00 00:00:00'),
(82, 30, '', '', '', 0, '', '2016-09-06 12:59:29', '0000-00-00 00:00:00'),
(83, 120, '', '', '', 0, '', '2016-09-06 12:59:55', '0000-00-00 00:00:00');

-- --------------------------------------------------------

--
-- Table structure for table `album_photos_details`
--

CREATE TABLE IF NOT EXISTS `album_photos_details` (
  `id` int(11) NOT NULL AUTO_INCREMENT,
  `album_id` int(11) NOT NULL,
  `sliding_page_id` int(11) NOT NULL,
  `template_type_id` int(11) NOT NULL,
  `photo_id` int(11) NOT NULL,
  `is_active` int(1) NOT NULL,
  `ordering` int(1) NOT NULL,
  `created_on` timestamp NOT NULL DEFAULT CURRENT_TIMESTAMP ON UPDATE CURRENT_TIMESTAMP,
  PRIMARY KEY (`id`),
  KEY `user_id` (`album_id`)
) ENGINE=InnoDB DEFAULT CHARSET=latin1 AUTO_INCREMENT=1 ;

--
-- Dumping data for table `album_photos_details`
--


-- --------------------------------------------------------

--
-- Table structure for table `album_sharetofriends`
--

CREATE TABLE IF NOT EXISTS `album_sharetofriends` (
  `id` int(11) NOT NULL AUTO_INCREMENT,
  `user_id` int(11) NOT NULL,
  `album_id` int(11) NOT NULL,
  `name` varchar(255) NOT NULL,
  `email` varchar(255) NOT NULL,
  `created_on` timestamp NOT NULL DEFAULT CURRENT_TIMESTAMP ON UPDATE CURRENT_TIMESTAMP,
  `category` varchar(255) NOT NULL,
  PRIMARY KEY (`id`),
  KEY `user_id` (`user_id`,`album_id`)
) ENGINE=InnoDB  DEFAULT CHARSET=latin1 AUTO_INCREMENT=58 ;

--
-- Dumping data for table `album_sharetofriends`
--

INSERT INTO `album_sharetofriends` (`id`, `user_id`, `album_id`, `name`, `email`, `created_on`, `category`) VALUES
(1, 1, 1, 'ajay', 'ajoydhasan@gmail.com', '2014-11-03 15:19:44', ''),
(2, 1, 1, 'ajoydhas', 'ajoydhasan@gmail.com', '2014-11-03 15:30:53', ''),
(3, 1, 1, 'ajay', 'ajoydhasan@gmail.com', '2014-11-03 15:31:52', ''),
(4, 1, 1, 'ajay', 'ajoydhasan@gmail.com', '2014-11-03 16:05:58', ''),
(5, 1, 1, 'ajay', 'ajoydhasan@gmail.com', '2014-11-03 16:07:34', ''),
(6, 1, 1, 'ajay', 'ajoydhasan@gmail.com', '2014-11-03 16:16:32', ''),
(7, 1, 1, 'ajay', 'aajoydhas@interaktmail.com', '2014-11-03 16:17:24', ''),
(8, 1, 2, 'ajoydhas', 'ajoydhasan@gmail.com', '2014-11-10 18:05:30', ''),
(9, 1, 4, 'ajoydhas', 'ajoydhasan@gmail.com', '2014-11-11 11:59:32', ''),
(10, 1, 4, 'ajay', 'aajoydhas@interaktmail.com', '2014-11-11 12:01:34', ''),
(11, 1, 4, 'ajay', 'ajoydhasan@gmail.com', '2014-11-11 12:03:44', ''),
(12, 1, 5, 'ajay', 'aajoydhas@interaktmail.com', '2014-12-11 10:41:50', 'planner'),
(13, 3, 6, 'album ajay11', 'aajoydhas@interaktmail.com', '2014-12-11 10:57:59', ''),
(14, 4, 6, 'Rajan', 'rkarthik@interaktco.com', '2015-01-22 11:03:52', 'planner'),
(15, 5, 7, 'Jonathan', 'jonathan@weddingsonline.ie', '2015-02-13 09:31:59', ''),
(16, 10, 7, 'Rajan', 'rkarthik@interaktmail.com', '2015-02-23 16:36:31', 'planner'),
(17, 10, 7, 'Irfan', 'qmohammed@interaktco.com', '2015-02-23 16:36:58', 'planner'),
(18, 11, 8, 'Sourav', 'Sbc9385@gmail.com', '2015-02-24 10:36:09', 'planner'),
(19, 11, 8, 'Luxmy', 'Menonluxmy@gmail.com', '2015-02-24 10:36:09', 'planner'),
(20, 11, 8, 'Karthik', 'Rkarthik@interaktco.com', '2015-02-24 10:36:09', 'planner'),
(21, 6, 8, 'cmrajkumar@interaktco.com', 'cmrajkumar@interaktco.com', '2015-02-24 12:37:09', ''),
(22, 6, 17, 'Jai', 'Rkarthik@interaktmail.com', '2015-03-06 16:34:35', 'planner'),
(23, 20, 22, 'Prabakar', 'prabakar@europe.com', '2015-06-01 10:31:19', 'planner'),
(24, 20, 22, 'Sangeetha', 'Sangeetha@europe.com', '2015-06-01 10:31:19', 'planner'),
(25, 20, 15, 'Prabakar', 'prabakar@europe.com', '2015-06-01 10:45:46', ''),
(26, 20, 15, 'Sangeetha', 'Sangeetha@europe.com', '2015-06-01 10:45:46', ''),
(27, 21, 24, 'Prasad', 'pprasadiyer@gmail.com', '2015-06-05 11:41:17', 'planner'),
(28, 21, 24, 'Prasad', 'pprasadiyer@gmail.com', '2015-06-05 11:42:45', 'planner'),
(29, 21, 24, 'Prasad', 'pprasadiyer@gmail.com', '2015-06-05 11:43:20', 'planner'),
(30, 21, 24, 'Prasad', 'pprasadiyer@gmail.com', '2015-06-05 11:43:59', 'planner'),
(31, 21, 20, 'Prasad', 'pprasadiyer@gmail.com', '2015-06-05 11:47:55', ''),
(32, 19, 25, 'sajan', 'msajan@interaktmail.com', '2015-06-09 12:50:34', 'planner'),
(33, 19, 17, 'sajan', 'msajan@interaktmail.com', '2015-06-09 14:04:44', ''),
(34, 19, 17, 'sajan', 'msajan@interaktmail.com', '2015-06-09 14:10:24', ''),
(35, 19, 27, 'sajan', 'msajan@interaktmail.com', '2015-06-09 15:00:59', 'planner'),
(36, 19, 17, 'sajan', 'msajan@interaktmail.com', '2015-06-09 15:06:46', ''),
(37, 19, 17, 'sajan', 'msajan@interaktmail.com', '2015-06-09 15:35:04', ''),
(38, 19, 17, 'sajan', 'msajan@interaktmail.com', '2015-06-09 16:09:50', ''),
(39, 20, 29, 'Hasini', 'hasini.k@europe.com', '2015-06-18 12:55:29', 'planner'),
(40, 19, 32, 'Balaji', 'vbss75@gmail.com', '2015-06-19 12:25:44', 'planner'),
(41, 90, 55, 'malavika ', 'malavikamj@gmail.com', '2015-09-08 14:59:18', 'planner'),
(42, 94, 61, 'Arun', 'varun@interaktmail.com', '2015-10-23 16:37:42', 'planner'),
(43, 94, 73, 'arunkumar', 'tamill.arun@gmail.com', '2016-01-06 13:13:32', 'planner'),
(44, 107, 74, 'Arunkumar', 'tamill.arun@gmail.com', '2016-01-08 17:02:58', 'planner'),
(45, 107, 75, 'Arunkumar', 'nishanthashok@gmail.com', '2016-01-09 12:12:49', 'planner'),
(46, 113, 52, 'Rajib Raj', 'masterblastersaumen@gmail.com', '2016-02-20 19:20:48', ''),
(47, 113, 52, 'Rajib Raj', 'masterblastersaumen@gmail.com', '2016-02-20 19:39:48', ''),
(48, 113, 52, 'Rajib Raj', 'masterblastersaumen@gmail.com', '2016-02-20 20:00:35', ''),
(49, 98, 53, 'Nis', 'nis@mailinator.com', '2016-03-22 14:15:30', ''),
(50, 98, 53, 'nis', 'anishanth@interaktmail.com', '2016-03-22 14:15:30', ''),
(51, 114, 80, 'nis', 'anishanth@interaktmail.com', '2016-03-24 15:00:35', 'planner'),
(52, 115, 81, 'Mani', 'subramanian.gopalaratnam@gmail.com', '2016-03-29 06:33:41', 'planner'),
(53, 115, 81, 'Redickaa', 'redickaa@interaktco.com', '2016-03-29 06:34:07', 'planner'),
(54, 20, 15, 'Raman', 'rkarthik@interaktmail.com', '2016-04-05 15:02:29', ''),
(55, 144, 94, 'Vennila', 'vennilasep22@gmail.com', '2016-09-01 12:16:31', 'planner'),
(56, 144, 75, 'test', 'test@interaktmail.com', '2016-09-01 14:30:07', ''),
(57, 144, 84, 'Sudharsan', 'harivk.ece@gmail.com', '2016-09-07 15:56:47', '');

-- --------------------------------------------------------

--
-- Table structure for table `album_uploaded_photos`
--

CREATE TABLE IF NOT EXISTS `album_uploaded_photos` (
  `id` int(11) NOT NULL AUTO_INCREMENT,
  `user_id` int(11) NOT NULL,
  `photo_name` varchar(255) NOT NULL,
  `photo_group` int(11) NOT NULL,
  `is_selected` int(1) NOT NULL,
  `album_id` int(11) NOT NULL,
  `is_deleted` int(1) NOT NULL,
  `created_on` timestamp NOT NULL DEFAULT CURRENT_TIMESTAMP ON UPDATE CURRENT_TIMESTAMP,
  `published` int(1) NOT NULL,
  PRIMARY KEY (`id`),
  KEY `user_id` (`user_id`)
) ENGINE=InnoDB  DEFAULT CHARSET=latin1 AUTO_INCREMENT=214 ;

--
-- Dumping data for table `album_uploaded_photos`
--

INSERT INTO `album_uploaded_photos` (`id`, `user_id`, `photo_name`, `photo_group`, `is_selected`, `album_id`, `is_deleted`, `created_on`, `published`) VALUES
(1, 1, 'chrysanthemum-1415008059.jpg', 2, 1, 1, 0, '2014-11-03 15:17:30', 1),
(2, 1, 'penguins-1415008070.jpg', 2, 1, 1, 0, '2014-11-03 15:17:30', 1),
(3, 1, 'tulips-1415008070.jpg', 2, 1, 1, 0, '2014-11-03 15:17:30', 1),
(4, 1, 'lighthouse-1415622849.jpg', 3, 1, 2, 0, '2014-11-10 18:03:57', 1),
(5, 1, '1415622933-235183622.jpg', 3, 1, 2, 0, '2014-11-10 18:05:10', 1),
(6, 1, '1415622902-907828265.jpg', 3, 1, 2, 0, '2014-11-10 18:05:02', 1),
(7, 1, 'penguins-1415622850.jpg', 3, 1, 2, 0, '2014-11-10 18:03:57', 1),
(8, 1, '06541_bg-1415623870.jpg', 4, 1, 3, 0, '2014-11-10 18:21:25', 1),
(9, 1, '06491_bg-1415623891.jpg', 4, 1, 3, 0, '2014-11-10 18:21:25', 1),
(10, 1, '06609_bg-1415623905.jpg', 4, 1, 3, 0, '2014-11-10 18:21:25', 1),
(11, 1, 'koala-1415686846.jpg', 5, 1, 4, 0, '2014-11-11 11:57:51', 1),
(12, 1, '1415687565-429564274.jpg', 5, 1, 4, 0, '2014-11-11 12:02:26', 1),
(13, 1, '1415688320-1238750735.jpg', 6, 1, 5, 0, '2014-11-11 12:15:07', 1),
(14, 1, 'koala-1415688281.jpg', 6, 1, 5, 0, '2014-11-11 12:14:32', 1),
(15, 1, 'tulips-1415688292.jpg', 6, 1, 5, 0, '2014-11-11 12:14:32', 1),
(16, 3, 'lighthouse-1418275574.jpg', 8, 1, 6, 0, '2014-12-11 10:55:59', 1),
(17, 3, 'tulips-1418275575.jpg', 8, 1, 6, 0, '2014-12-11 10:55:59', 1),
(18, 3, 'koala-1418275575.jpg', 8, 1, 6, 0, '2014-12-11 10:55:59', 1),
(19, 3, 'penguins-1418275575.jpg', 8, 1, 6, 0, '2014-12-11 10:55:59', 1),
(20, 5, 'fotosearch_k3516967-1423800093.jpg', 10, 1, 7, 0, '2015-02-13 09:31:32', 1),
(21, 5, 'fb-fotosearch_k1280063-1423800103.jpg', 10, 1, 7, 0, '2015-02-13 09:31:32', 1),
(22, 5, 'fb-brochure-back4-1423800187.jpg', 11, 0, 0, 0, '2015-02-13 09:32:43', 1),
(23, 5, 'fb-fotosearch_k2395372-1423800195.jpg', 11, 0, 0, 0, '2015-02-13 09:32:51', 1),
(24, 6, 'screen-shot-2015-02-24-at-12.35.00-pm-1424761589.png', 13, 1, 8, 0, '2015-02-24 12:36:32', 1),
(25, 6, 'screen-shot-2015-02-24-at-12.34.07-pm-1424761601.png', 13, 1, 8, 0, '2015-02-24 12:36:32', 1),
(26, 6, 'screen-shot-2015-02-24-at-12.18.24-pm-1424768279.png', 28, 0, 0, 1, '2015-02-24 17:26:23', 1),
(27, 7, 'graph-web-analytics-(popup)-1424775102.gif', 14, 1, 9, 0, '2015-02-24 16:21:43', 1),
(28, 7, 'graph-web-analytics-1424775115.gif', 14, 1, 9, 0, '2015-02-24 16:21:43', 1),
(29, 8, 'eat2eat-logo-1424844240.jpg', 15, 1, 10, 0, '2015-02-25 11:34:08', 1),
(30, 8, 'e278528s-960-1424844262.jpg', 15, 1, 10, 0, '2015-02-25 11:34:08', 1),
(31, 9, 'picture-2014-10-20-15_59_56-1425547665.png', 60, 1, 11, 0, '2015-03-05 14:57:39', 1),
(32, 9, '1425547739-1194740929.png', 60, 1, 11, 0, '2015-03-05 14:58:42', 1),
(33, 7, 'click_to_open-1425972493.png', 71, 1, 12, 0, '2015-03-10 12:58:15', 1),
(34, 7, 'click_to_open-1425972517.png', 71, 1, 12, 0, '2015-03-10 12:58:15', 1),
(35, 1, 'chrysanthemum-1429180774.jpg', 18, 0, 0, 0, '2015-04-16 16:09:10', 1),
(36, 1, 'desert-1429180783.jpg', 18, 0, 0, 0, '2015-04-16 16:09:19', 1),
(37, 1, 'chrysanthemum-1430976438.jpg', 19, 1, 13, 0, '2015-05-07 10:57:25', 1),
(38, 1, 'jellyfish-1430976446.jpg', 19, 1, 13, 0, '2015-05-07 10:57:25', 1),
(39, 1, '1430976506-2116875234.jpg', 19, 1, 13, 0, '2015-05-07 10:58:06', 1),
(40, 1, 'lighthouse-1430976457.jpg', 19, 1, 13, 0, '2015-05-07 10:57:25', 1),
(41, 0, '1433135187BMW.jpg', 0, 0, 15, 0, '2015-06-01 10:36:03', 0),
(42, 0, '1433135187Toyota.jpg', 0, 0, 15, 0, '2015-06-01 10:36:03', 0),
(43, 0, '1433135188sports cars photos.jpg', 0, 0, 15, 0, '2015-06-01 10:36:04', 0),
(44, 0, '1433135188Benz.jpg', 0, 0, 15, 0, '2015-06-01 10:36:04', 0),
(45, 0, '1433135188Ferrari.jpg', 0, 0, 15, 0, '2015-06-01 10:36:04', 0),
(46, 0, '1433135189Bugatti.jpg', 0, 0, 15, 0, '2015-06-01 10:36:05', 0),
(47, 0, '1433135255Benz.jpg', 0, 0, 15, 1, '2015-06-01 10:37:22', 0),
(48, 0, '1433135255BMW.jpg', 0, 0, 15, 1, '2015-06-01 10:37:20', 0),
(49, 0, '1433135255Toyota.jpg', 0, 0, 15, 1, '2015-06-01 10:37:19', 0),
(50, 0, '1433135255Ferrari.jpg', 0, 0, 15, 1, '2015-06-01 10:37:18', 0),
(51, 0, '1433135255Bugatti.jpg', 0, 0, 15, 1, '2015-06-01 10:37:18', 0),
(52, 0, '1433135256sports cars photos.jpg', 0, 0, 15, 1, '2015-06-01 10:37:15', 0),
(53, 0, '1433158131A_Country_Home_Frederic_Edwin_Church_HQ.jpg', 0, 0, 17, 1, '2015-06-01 17:19:51', 0),
(54, 0, '1433158330A_Country_Home_Frederic_Edwin_Church_HQ.jpg', 0, 0, 17, 1, '2015-06-01 17:19:49', 0),
(55, 0, '1433159438468416_459012620799830_482284184_o.jpg', 0, 0, 17, 0, '2015-06-01 17:20:14', 0),
(56, 0, '14331594391432279004mbx_vol_01_07_temple_of_science_retreat_by_nisachar-d56b6zq.jpg', 0, 0, 17, 0, '2015-06-01 17:20:15', 0),
(57, 0, '1433159440Frederic_Edwin_Church_-_Autumn.jpg', 0, 0, 17, 0, '2015-06-01 17:20:16', 0),
(58, 0, '1433159445A_Country_Home_Frederic_Edwin_Church_HQ.jpg', 0, 0, 17, 0, '2015-06-01 17:20:21', 0),
(59, 0, '1433160887Desert.jpg', 0, 0, 1, 0, '2015-06-01 17:44:23', 0),
(60, 0, '1433485051-1579128527.jpg', 0, 0, 20, 0, '2015-06-05 11:47:12', 0),
(61, 0, '1433484976Tulips.jpg', 0, 0, 20, 0, '2015-06-05 11:45:52', 0),
(62, 0, '1433484976Koala.jpg', 0, 0, 20, 0, '2015-06-05 11:45:52', 0),
(63, 0, '1433484976Jellyfish.jpg', 0, 0, 20, 0, '2015-06-05 11:45:52', 0),
(64, 0, '1433484977Hydrangeas.jpg', 0, 0, 20, 0, '2015-06-05 11:45:53', 0),
(65, 0, '1433484977Penguins.jpg', 0, 0, 20, 0, '2015-06-05 11:45:53', 0),
(66, 0, '1433484977Desert.jpg', 0, 0, 20, 0, '2015-06-05 11:45:53', 0),
(67, 0, '1433484977Chrysanthemum.jpg', 0, 0, 20, 0, '2015-06-05 11:45:53', 0),
(68, 0, '1439816408download.jpg', 0, 0, 32, 0, '2015-08-17 18:29:44', 0),
(69, 0, '1439816841buddha.jpg', 0, 0, 33, 0, '2015-08-17 18:36:57', 0),
(70, 0, '1439816862death - Copy.jpg', 0, 0, 33, 0, '2015-08-17 18:37:18', 0),
(71, 0, '1439816914download (1).jpg', 0, 0, 33, 0, '2015-08-17 18:38:10', 0),
(72, 0, '1439816952download.jpg', 0, 0, 33, 0, '2015-08-17 18:38:48', 0),
(73, 0, '1439816984tumblr.jpg', 0, 0, 33, 0, '2015-08-17 18:39:20', 0),
(74, 0, '1439817029disaster.jpg', 0, 0, 33, 0, '2015-08-17 18:40:05', 0),
(75, 0, '1439817072tiger.jpg', 0, 0, 33, 0, '2015-08-17 18:40:48', 0),
(76, 0, '1444289604_MG_9026_1.jpg', 0, 0, 36, 0, '2015-10-08 13:03:00', 0),
(77, 0, '1444289668_MG_8994_1.jpg', 0, 0, 36, 0, '2015-10-08 13:04:04', 0),
(78, 0, '1444289671_MG_9026_1_1.jpg', 0, 0, 36, 0, '2015-10-08 13:04:07', 0),
(79, 0, '1444290020_MG_8994.jpg', 0, 0, 36, 1, '2015-10-23 16:56:08', 0),
(80, 0, '1445837684^5F84DD1609DF90035152A5CFEE8FEDEA5E29267FC77E65117D^pimgpsh_fullsize_distr (2).jpg', 0, 0, 39, 0, '2015-10-26 11:04:20', 0),
(81, 0, '1445837701^5F84DD1609DF90035152A5CFEE8FEDEA5E29267FC77E65117D^pimgpsh_fullsize_distr (2).jpg', 0, 0, 39, 0, '2015-10-26 11:04:37', 0),
(82, 0, '1447996823IMG_7131_800x533.JPG', 0, 0, 45, 1, '2015-11-20 10:50:10', 0),
(83, 0, '1447996824Picture3 (2).jpg', 0, 0, 45, 1, '2015-11-20 10:50:11', 0),
(84, 0, '1447996825Picture1 (2).jpg', 0, 0, 45, 1, '2015-11-20 10:50:12', 0),
(85, 0, '1447996838Teestaboardroom.jpg', 0, 0, 45, 0, '2015-11-20 10:50:14', 0),
(86, 0, '1448947344chinese-wedding-1.jpg', 0, 0, 47, 1, '2015-12-01 10:54:27', 0),
(87, 0, '1448947357Bride1.jpg', 0, 0, 47, 1, '2015-12-01 10:54:29', 0),
(88, 0, '14550077765441758058544c134c068005_shanghai-marriott-hotel-pudong-east-shanghai-china-rca-2014-1.jpg', 0, 0, 50, 0, '2016-02-09 14:19:12', 0),
(89, 0, '145518565014375984578_68e6c276b3_b.jpg', 0, 0, 51, 0, '2016-02-11 15:43:46', 0),
(90, 0, '1455185667IMG_2617.JPG', 0, 0, 51, 0, '2016-02-11 15:44:03', 0),
(91, 0, '1455976517DSC03495.JPG', 0, 0, 52, 0, '2016-02-20 19:24:53', 0),
(92, 0, '14559777332014-05-09-623.jpg', 0, 0, 52, 0, '2016-02-20 19:45:09', 0),
(93, 0, '1455977856DSC03675.JPG', 0, 0, 52, 0, '2016-02-20 19:47:12', 0),
(94, 0, '1455977950DSC03289.JPG', 0, 0, 52, 0, '2016-02-20 19:48:46', 0),
(95, 0, '1455977955DSC03261.JPG', 0, 0, 52, 0, '2016-02-20 19:48:51', 0),
(96, 0, '1455978054DSC03450.JPG', 0, 0, 52, 0, '2016-02-20 19:50:30', 0),
(97, 0, '1455978062DSC03301.JPG', 0, 0, 52, 0, '2016-02-20 19:50:38', 0),
(98, 0, '1455978098DSC03266.JPG', 0, 0, 52, 0, '2016-02-20 19:51:14', 0),
(99, 0, '1455978124DSC03495.JPG', 0, 0, 52, 0, '2016-02-20 19:51:40', 0),
(100, 0, '1458636265Vector_Business_Woman_Character_Preview_Full.jpg', 0, 0, 53, 0, '2016-03-22 14:14:01', 0),
(101, 0, '145863627112668820-Vector-telephone-operator-Stock-Vector-call-customer-cartoon.jpg', 0, 0, 53, 0, '2016-03-22 14:14:07', 0),
(102, 0, '1458811910photo.jpg', 0, 0, 55, 0, '2016-03-24 15:01:26', 0),
(103, 0, '1458811915photo.jpg', 0, 0, 55, 0, '2016-03-24 15:01:31', 0),
(104, 0, '1463856220020.JPG', 0, 0, 59, 0, '2016-05-22 00:13:16', 0),
(105, 0, '1463856331028.JPG', 0, 0, 59, 0, '2016-05-22 00:15:07', 0),
(106, 0, '14677828321B7A5592.jpg', 0, 0, 64, 0, '2016-07-06 10:56:48', 0),
(107, 0, '14677828401B7A5458.jpg', 0, 0, 64, 0, '2016-07-06 10:56:56', 0),
(108, 0, '14677828461B7A5572.jpg', 0, 0, 64, 0, '2016-07-06 10:57:02', 0),
(109, 0, '14677828461B7A5459.jpg', 0, 0, 64, 0, '2016-07-06 10:57:02', 0),
(110, 0, '14677829151B7A5611.jpg', 0, 0, 64, 0, '2016-07-06 10:58:11', 0),
(111, 0, '14677829291B7A5598.jpg', 0, 0, 64, 0, '2016-07-06 10:58:25', 0),
(112, 0, '14677829311B7A5604.jpg', 0, 0, 64, 0, '2016-07-06 10:58:27', 0),
(113, 0, '14677829371B7A5750.jpg', 0, 0, 64, 0, '2016-07-06 10:58:33', 0),
(114, 0, '14677830081B7A5865.jpg', 0, 0, 64, 0, '2016-07-06 10:59:44', 0),
(115, 0, '14677830161B7A5866.jpg', 0, 0, 64, 0, '2016-07-06 10:59:52', 0),
(116, 0, '14677830231B7A5863.jpg', 0, 0, 64, 0, '2016-07-06 10:59:59', 0),
(117, 0, '14677830251B7A5763.jpg', 0, 0, 64, 0, '2016-07-06 11:00:01', 0),
(118, 0, '14677830971B7A5868.jpg', 0, 0, 64, 0, '2016-07-06 11:01:13', 0),
(119, 0, '14677831011B7A5869.jpg', 0, 0, 64, 0, '2016-07-06 11:01:17', 0),
(120, 0, '14677831111B7A5870.jpg', 0, 0, 64, 0, '2016-07-06 11:01:27', 0),
(121, 0, '14677831191B7A5871.jpg', 0, 0, 64, 0, '2016-07-06 11:01:35', 0),
(122, 0, '14677832391B7A5875.jpg', 0, 0, 64, 0, '2016-07-06 11:03:35', 0),
(123, 0, '14677832531B7A5876.jpg', 0, 0, 64, 0, '2016-07-06 11:03:49', 0),
(124, 0, '14677832551B7A5872.jpg', 0, 0, 64, 0, '2016-07-06 11:03:51', 0),
(125, 0, '14677832591B7A5874.jpg', 0, 0, 64, 0, '2016-07-06 11:03:55', 0),
(126, 0, '1470199858file3002.jpg', 0, 0, 68, 1, '2016-08-03 10:21:34', 0),
(127, 0, '1470199868file3005.jpg', 0, 0, 68, 1, '2016-08-03 10:21:32', 0),
(128, 0, '1470199877file3001.jpg', 0, 0, 68, 1, '2016-08-03 10:21:31', 0),
(129, 0, '1470199881file3003.jpg', 0, 0, 68, 1, '2016-08-03 10:21:30', 0),
(130, 0, '1470200000file3515.jpg', 0, 0, 68, 0, '2016-08-03 10:22:56', 0),
(131, 0, '1470200011file3526.jpg', 0, 0, 68, 0, '2016-08-03 10:23:07', 0),
(132, 0, '1470200014file3520.jpg', 0, 0, 68, 0, '2016-08-03 10:23:10', 0),
(133, 0, '1470200019file3517.jpg', 0, 0, 68, 0, '2016-08-03 10:23:15', 0),
(134, 0, '1470200024file3518.jpg', 0, 0, 68, 0, '2016-08-03 10:23:20', 0),
(135, 0, '1470200027file3516.jpg', 0, 0, 68, 0, '2016-08-03 10:23:23', 0),
(136, 0, '1470200048file3531.jpg', 0, 0, 68, 0, '2016-08-03 10:23:44', 0),
(137, 0, '1470200049file3528.jpg', 0, 0, 68, 0, '2016-08-03 10:23:45', 0),
(138, 0, '1470200056file3530.jpg', 0, 0, 68, 0, '2016-08-03 10:23:52', 0),
(139, 0, '1470200062file3532.jpg', 0, 0, 68, 0, '2016-08-03 10:23:58', 0),
(140, 0, '1470200070file3533.jpg', 0, 0, 68, 0, '2016-08-03 10:24:06', 0),
(141, 0, '1470200078file3446.jpg', 0, 0, 68, 0, '2016-08-03 10:24:14', 0),
(142, 0, '1470200087file3445.jpg', 0, 0, 68, 0, '2016-08-03 10:24:23', 0),
(143, 0, '1470200092file3448.jpg', 0, 0, 68, 0, '2016-08-03 10:24:28', 0),
(144, 0, '1470200097file3447.jpg', 0, 0, 68, 0, '2016-08-03 10:24:33', 0),
(145, 0, '1470200105file3450.jpg', 0, 0, 68, 0, '2016-08-03 10:24:41', 0),
(146, 0, '1470200108file3451.jpg', 0, 0, 68, 0, '2016-08-03 10:24:44', 0),
(147, 0, '1470200115file3452.jpg', 0, 0, 68, 0, '2016-08-03 10:24:51', 0),
(148, 0, '1470200117file3453.jpg', 0, 0, 68, 0, '2016-08-03 10:24:53', 0),
(149, 0, '1470200117file3449.jpg', 0, 0, 68, 0, '2016-08-03 10:24:53', 0),
(150, 0, '1471283050IMG_9196.JPG', 0, 0, 70, 1, '2016-08-15 23:18:09', 0),
(151, 0, '1471283050IMG_9139.JPG', 0, 0, 70, 1, '2016-08-15 23:18:13', 0),
(152, 0, '1471283052IMG_9194.JPG', 0, 0, 70, 0, '2016-08-15 23:13:48', 0),
(153, 0, '1471283068IMG_9197.JPG', 0, 0, 70, 0, '2016-08-15 23:14:04', 0),
(154, 0, '1471283068IMG_9157.JPG', 0, 0, 70, 0, '2016-08-15 23:14:04', 0),
(155, 0, '1471283069IMG_9262.JPG', 0, 0, 70, 0, '2016-08-15 23:14:05', 0),
(156, 0, '1471283070IMG_9202.JPG', 0, 0, 70, 0, '2016-08-15 23:14:06', 0),
(157, 0, '1471283086IMG_9258.JPG', 0, 0, 70, 0, '2016-08-15 23:14:22', 0),
(158, 0, '1471283095IMG_9235.JPG', 0, 0, 70, 0, '2016-08-15 23:14:31', 0),
(159, 0, '1471283110IMG_9294.JPG', 0, 0, 70, 0, '2016-08-15 23:14:46', 0),
(160, 0, '1471283116IMG_9295.JPG', 0, 0, 70, 0, '2016-08-15 23:14:52', 0),
(161, 0, '1471283116IMG_9280.JPG', 0, 0, 70, 0, '2016-08-15 23:14:52', 0),
(162, 0, '1471283117IMG_9275.JPG', 0, 0, 70, 0, '2016-08-15 23:14:53', 0),
(163, 0, '1471283117IMG_9299.JPG', 0, 0, 70, 0, '2016-08-15 23:14:54', 0),
(164, 0, '1471283143IMG_9310.JPG', 0, 0, 70, 0, '2016-08-15 23:15:19', 0),
(165, 0, '1471283145IMG_9305.JPG', 0, 0, 70, 0, '2016-08-15 23:15:21', 0),
(166, 0, '1471283145IMG_9307.JPG', 0, 0, 70, 0, '2016-08-15 23:15:21', 0),
(167, 0, '1471283159IMG_9315.JPG', 0, 0, 70, 0, '2016-08-15 23:15:35', 0),
(168, 0, '1471283167IMG_9309.JPG', 0, 0, 70, 0, '2016-08-15 23:15:43', 0),
(169, 0, '1471678003_MG_4488.JPG', 0, 0, 72, 0, '2016-08-20 12:56:20', 0),
(170, 0, '1472661709school logo copy.jpg', 0, 0, 74, 0, '2016-08-31 22:11:25', 0),
(171, 0, '14727202326FLK10.jpg', 0, 0, 75, 0, '2016-09-01 14:26:48', 0),
(172, 0, '14727202326FP201.jpg', 0, 0, 75, 0, '2016-09-01 14:26:48', 0),
(173, 0, '14727202326FP205.jpg', 0, 0, 75, 0, '2016-09-01 14:26:48', 0),
(174, 0, '14727202326FP203.jpg', 0, 0, 75, 0, '2016-09-01 14:26:48', 0),
(175, 0, '14727202336FLK08.jpg', 0, 0, 75, 0, '2016-09-01 14:26:49', 0),
(176, 0, '14727216384.jpg', 0, 0, 77, 0, '2016-09-01 14:50:14', 0),
(177, 0, '14727216396.jpg', 0, 0, 77, 0, '2016-09-01 14:50:15', 0),
(178, 0, '147272164320.jpg', 0, 0, 77, 0, '2016-09-01 14:50:19', 0),
(179, 0, '147272165715.JPG', 0, 0, 77, 0, '2016-09-01 14:50:33', 0),
(180, 0, '147272165718.JPG', 0, 0, 77, 0, '2016-09-01 14:50:33', 0),
(181, 0, '147272167113.JPG', 0, 0, 77, 0, '2016-09-01 14:50:47', 0),
(182, 0, '14730077074).jpg', 0, 0, 79, 0, '2016-09-04 22:18:03', 0),
(183, 0, '1473007709000004.JPG', 0, 0, 79, 0, '2016-09-04 22:18:05', 0),
(184, 0, '147300772512.jpg', 0, 0, 79, 0, '2016-09-04 22:18:21', 0),
(185, 0, '14730077397.jpg', 0, 0, 79, 0, '2016-09-04 22:18:35', 0),
(186, 0, '147300774312 (2).jpg', 0, 0, 79, 0, '2016-09-04 22:18:39', 0),
(187, 0, '1473140364b2b2be98878f5f67c8168dac027ea4eb.jpg', 0, 0, 80, 1, '2016-09-06 11:09:55', 0),
(188, 0, '1473140437b2b2be98878f5f67c8168dac027ea4eb.jpg', 0, 0, 80, 1, '2016-09-06 11:10:22', 0),
(189, 0, '1473140437Big-Ben-London.jpg', 0, 0, 80, 1, '2016-09-06 11:10:23', 0),
(190, 0, '1473140438816315.jpg', 0, 0, 80, 1, '2016-09-06 11:10:24', 0),
(191, 0, '147314043821728858644_8785b82a52_b.jpg', 0, 0, 80, 1, '2016-09-06 11:10:25', 0),
(192, 0, '1473140438city-walls-masonrys.jpg', 0, 0, 80, 1, '2016-09-06 11:10:26', 0),
(193, 0, '147314043827008318955_0a4599d8e3_b.jpg', 0, 0, 80, 1, '2016-09-06 11:10:27', 0),
(194, 0, '147314043910935266795_b2cc85f215_b.jpg', 0, 0, 80, 1, '2016-09-06 11:10:27', 0),
(195, 0, '1473140439corridor,-old-building,-black-and-white-photo-188904.jpg', 0, 0, 80, 1, '2016-09-06 11:10:28', 0),
(196, 0, '1473140442D4S0970-HDR-Pano-Edit.jpg', 0, 0, 80, 1, '2016-09-06 11:10:29', 0),
(197, 0, '1473152581b2b2be98878f5f67c8168dac027ea4eb.jpg', 0, 0, 84, 1, '2016-09-06 16:16:32', 0),
(198, 0, '1473152582816315.jpg', 0, 0, 84, 1, '2016-09-06 16:16:34', 0),
(199, 0, '1473152582city-walls-masonrys.jpg', 0, 0, 84, 1, '2016-09-06 16:16:35', 0),
(200, 0, '147315258221728858644_8785b82a52_b.jpg', 0, 0, 84, 1, '2016-09-06 16:16:37', 0),
(201, 0, '147315258227008318955_0a4599d8e3_b.jpg', 0, 0, 84, 1, '2016-09-06 16:16:38', 0),
(202, 0, '147315258310935266795_b2cc85f215_b.jpg', 0, 0, 84, 1, '2016-09-06 16:16:45', 0),
(203, 0, '1473152583D4S0970-HDR-Pano-Edit.jpg', 0, 0, 84, 1, '2016-09-06 16:16:48', 0),
(204, 0, '1473152592corridor,-old-building,-black-and-white-photo-188904.jpg', 0, 0, 84, 1, '2016-09-06 16:16:49', 0),
(205, 0, '1473158850corridor,-old-building,-black-and-white-photo-188904.jpg', 0, 0, 84, 1, '2016-09-06 16:17:10', 0),
(206, 0, '1473159590hraje-este.jpg', 0, 0, 84, 0, '2016-09-06 16:29:26', 0),
(207, 0, '1473159591forum-ban-bg.jpg', 0, 0, 84, 0, '2016-09-06 16:29:27', 0),
(208, 0, '1473159591D4S0970-HDR-Pano-Edit.jpg', 0, 0, 84, 0, '2016-09-06 16:29:27', 0),
(209, 0, '1473159591corridor,-old-building,-black-and-white-photo-188904.jpg', 0, 0, 84, 0, '2016-09-06 16:29:27', 0),
(210, 0, '1473159592t1fa909_rivende_D80_Nikon_HDR_urbex_verlassen_co.jpg', 0, 0, 84, 0, '2016-09-06 16:29:28', 0),
(211, 0, '1473159592old_building_stairs_dark_nostalgic_construction_11138_1680x1050.jpg', 0, 0, 84, 0, '2016-09-06 16:29:28', 0),
(212, 0, '1473159592Pics-of-Majestic-Buildings-Old-as-the-Building-is-It-Remins-Respected-and-Great-Looking-Fits-the-Natural-Scene.jpg', 0, 0, 84, 0, '2016-09-06 16:29:28', 0),
(213, 0, '1473159624homestead.jpg', 0, 0, 84, 0, '2016-09-06 16:30:00', 0);

-- --------------------------------------------------------

--
-- Table structure for table `album_users`
--

CREATE TABLE IF NOT EXISTS `album_users` (
  `id` int(11) NOT NULL AUTO_INCREMENT,
  `fb_id` varchar(50) DEFAULT NULL,
  `name` varchar(100) DEFAULT NULL,
  `first_name` varchar(100) NOT NULL,
  `last_name` varchar(100) NOT NULL,
  `user_name` varchar(100) DEFAULT NULL,
  `user_email` varchar(255) NOT NULL,
  `user_password` varchar(50) NOT NULL,
  `gender` varchar(50) NOT NULL,
  `ip` varchar(50) NOT NULL,
  `created_on` timestamp NOT NULL DEFAULT CURRENT_TIMESTAMP,
  `participate_cnt` int(11) NOT NULL,
  `status` int(1) NOT NULL,
  PRIMARY KEY (`id`)
) ENGINE=InnoDB  DEFAULT CHARSET=latin1 AUTO_INCREMENT=27 ;

--
-- Dumping data for table `album_users`
--

INSERT INTO `album_users` (`id`, `fb_id`, `name`, `first_name`, `last_name`, `user_name`, `user_email`, `user_password`, `gender`, `ip`, `created_on`, `participate_cnt`, `status`) VALUES
(1, NULL, NULL, '', '', 'ajoydhas', 'ajoydhas@gmail.com', 'YWpheQ==', '', '123.63.26.100', '2014-11-03 15:11:42', 0, 1),
(2, '1504780776448655', NULL, 'Prasad', 'Marriott', 'Prasad', 'weddingsmarriott@gmail.com', 'UHJhc2Fk', '', '123.63.26.100', '2014-11-11 16:17:01', 0, 1),
(3, NULL, NULL, '', '', 'ajay', 'aajoydhas@interaktmail.com', 'YWpheUAxMjM=', '', '116.212.183.147', '2014-12-11 10:54:54', 0, 1),
(4, '815675448505914', NULL, 'Dhas', 'Amirtharaj', 'Dhas', 'aajoydhas@interaktmail.com', 'RGhhcw==', '', '123.63.26.100', '2015-01-22 12:15:55', 0, 1),
(5, NULL, NULL, '', '', 'John', 'john.kenny@weddingsonline.in', 'am9objIwMTU=', '', '14.140.212.2', '2015-02-13 09:30:11', 0, 1),
(6, '590907827710862', NULL, 'Rajkumar', 'CM', 'Rajkumar', 'cmrajkumar@interaktco.com', 'UmFqa3VtYXI=', '', '116.212.183.147', '2015-02-24 12:35:39', 0, 1),
(7, '962413827104816', NULL, 'Thyaga', 'DaVinci', 'Thyaga', 'thy4g4@gmail.com', 'VGh5YWdh', '', '116.212.183.147', '2015-02-24 16:20:45', 0, 1),
(8, '10153130358601983', NULL, 'Prasad', 'Iyer', 'Prasad', 'pprasadiyer@gmail.com', 'UHJhc2Fk', '', '116.50.59.180', '2015-02-25 11:32:32', 0, 1),
(9, '10152807971374690', NULL, 'Rekha', 'Dighe', 'Rekha', 'rekha.dighe@gmail.com', 'UmVraGE=', '', '182.48.193.134', '2015-03-03 16:04:09', 0, 1),
(10, '882045278517569', NULL, 'Arun', 'Varadarajan', 'Arun', 'darkni8army@gmail.com', 'QXJ1bg==', '', '116.212.183.147', '2015-04-16 15:37:42', 0, 1),
(11, NULL, NULL, '', '', 'riaz shaikh', 'zairsufi786@gmail.com', 'aWxvdmV1c3VmaXlhbmE=', '', '116.50.59.180', '2015-05-08 12:37:49', 0, 1),
(12, '910629482330251', NULL, 'Tara', 'Basawaraj', 'Tara', 'tarapatil101@gmail.com', 'VGFyYQ==', '', '202.83.29.54', '2015-05-29 11:06:35', 0, 1),
(13, '10207039445887719', NULL, 'Vipin', 'Thapliyal', 'Vipin', 'bravo_dextra@hotmail.com', 'VmlwaW4=', '', '116.75.24.100', '2015-07-02 08:01:42', 0, 1),
(14, '10206217227382559', NULL, 'Ravneet', 'Kaur', 'Ravneet', 'ravkaur93@gmail.com', 'UmF2bmVldA==', '', '202.164.60.8', '2015-08-01 16:11:10', 0, 1),
(15, '10155606921770627', NULL, 'Shradha', 'Deshpande', 'Shradha', 'shradhadeshpande@hotmail.com', 'U2hyYWRoYQ==', '', '116.50.59.180', '2015-08-24 18:21:50', 0, 1),
(16, '437463829795169', NULL, 'Domecia', 'Pereira', 'Domecia', 'mecia005@gmail.com', 'RG9tZWNpYQ==', '', '105.225.39.11', '2015-10-08 12:58:49', 0, 1),
(17, '1035527909831800', NULL, 'Rohit', 'Nagpal', 'Rohit', 'rohitnagpal89@gmail.com', 'Um9oaXQ=', '', '122.162.83.234', '2015-10-25 18:35:53', 0, 1),
(18, '988064694549473', NULL, 'Rewa', 'Kandi', 'Rewa', 'reva.kandi@gmail.com', 'UmV3YQ==', '', '116.50.59.180', '2015-11-20 10:41:11', 0, 1),
(19, '', NULL, '', '', '', '', '', '', '79.116.25.197', '2016-01-10 23:15:57', 0, 1),
(20, '1529874360607157', NULL, 'Karthik', 'Ranganathan', 'Karthik', 'int.karthikr1@gmail.com', 'S2FydGhpaw==', '', '116.212.183.147', '2016-04-05 14:57:36', 0, 1),
(21, '1074371762638024', NULL, 'Jyoti', 'Rawat', 'Jyoti', 'jyotidesigner25@gmail.com', 'SnlvdGk=', '', '182.69.199.162', '2016-06-09 16:10:44', 0, 1),
(22, '1081625628570169', NULL, 'Jitu', 'Sanghvi', 'Jitu', 'rupantar.s.jitu@gmail.com', 'Sml0dQ==', '', '103.226.184.254', '2016-08-01 17:59:13', 0, 1),
(23, '10155080436544947', NULL, 'Nikhil', 'Tantia', 'Nikhil', 'tantia.nikhil@gmail.com', 'TmlraGls', '', '116.74.146.245', '2016-08-15 23:09:46', 0, 1),
(24, '10153849772671149', NULL, 'Thomas', 'Webb', 'Thomas', 'webbdaddy@gmail.com', 'VGhvbWFz', '', '122.148.86.53', '2016-08-20 07:47:17', 0, 1),
(25, '1486742004685237', NULL, 'Sreekanth', 'Kurumanghat', 'Sreekanth', 'sreekanth.kurumanghat@gmail.com', 'U3JlZWthbnRo', '', '117.216.81.221', '2016-08-20 12:52:20', 0, 1),
(26, '1500721816612060', NULL, 'Abinesh', 'Jerry', 'Abinesh', 'abineshjerry@gmail.com', 'QWJpbmVzaA==', '', '111.93.99.180', '2016-08-31 22:10:20', 0, 1);

-- --------------------------------------------------------

--
-- Table structure for table `album_users_history`
--

CREATE TABLE IF NOT EXISTS `album_users_history` (
  `id` int(11) NOT NULL AUTO_INCREMENT,
  `user_id` int(11) NOT NULL,
  `created_on` timestamp NOT NULL DEFAULT CURRENT_TIMESTAMP ON UPDATE CURRENT_TIMESTAMP,
  PRIMARY KEY (`id`),
  KEY `user_id` (`user_id`)
) ENGINE=MyISAM  DEFAULT CHARSET=latin1 AUTO_INCREMENT=38 ;

--
-- Dumping data for table `album_users_history`
--

INSERT INTO `album_users_history` (`id`, `user_id`, `created_on`) VALUES
(1, 1, '2014-11-03 15:11:42'),
(2, 1, '0000-00-00 00:00:00'),
(3, 1, '0000-00-00 00:00:00'),
(4, 1, '0000-00-00 00:00:00'),
(5, 1, '0000-00-00 00:00:00'),
(6, 1, '0000-00-00 00:00:00'),
(7, 2, '2014-11-11 16:17:01'),
(8, 3, '2014-12-11 10:54:54'),
(9, 4, '2015-01-22 12:15:55'),
(10, 5, '2015-02-13 09:30:11'),
(11, 5, '0000-00-00 00:00:00'),
(12, 5, '0000-00-00 00:00:00'),
(13, 6, '2015-02-24 12:35:39'),
(14, 7, '2015-02-24 16:20:45'),
(15, 8, '2015-02-25 11:32:32'),
(16, 9, '2015-03-03 16:04:09'),
(17, 10, '2015-04-16 15:37:42'),
(18, 1, '0000-00-00 00:00:00'),
(19, 1, '0000-00-00 00:00:00'),
(20, 11, '2015-05-08 12:37:49'),
(21, 1, '0000-00-00 00:00:00'),
(22, 1, '0000-00-00 00:00:00'),
(23, 12, '2015-05-29 11:06:35'),
(24, 13, '2015-07-02 08:01:42'),
(25, 14, '2015-08-01 16:11:10'),
(26, 15, '2015-08-24 18:21:50'),
(27, 16, '2015-10-08 12:58:49'),
(28, 17, '2015-10-25 18:35:53'),
(29, 18, '2015-11-20 10:41:11'),
(30, 19, '2016-01-10 23:15:57'),
(31, 20, '2016-04-05 14:57:36'),
(32, 21, '2016-06-09 16:10:44'),
(33, 22, '2016-08-01 17:59:13'),
(34, 23, '2016-08-15 23:09:46'),
(35, 24, '2016-08-20 07:47:17'),
(36, 25, '2016-08-20 12:52:20'),
(37, 26, '2016-08-31 22:10:20');

-- --------------------------------------------------------

--
-- Table structure for table `amenity`
--

CREATE TABLE IF NOT EXISTS `amenity` (
  `id` int(11) NOT NULL,
  `name` varchar(255) NOT NULL,
  `image` varchar(255) NOT NULL,
  `status` int(1) NOT NULL DEFAULT '1',
  `created_date` datetime NOT NULL,
  `created_by` timestamp NOT NULL DEFAULT CURRENT_TIMESTAMP
) ENGINE=MyISAM DEFAULT CHARSET=latin1;

--
-- Dumping data for table `amenity`
--


-- --------------------------------------------------------

--
-- Table structure for table `city_master`
--

CREATE TABLE IF NOT EXISTS `city_master` (
  `id` int(11) NOT NULL AUTO_INCREMENT,
  `city_name` varchar(50) NOT NULL,
  `status` tinyint(1) NOT NULL DEFAULT '1',
  PRIMARY KEY (`id`)
) ENGINE=InnoDB  DEFAULT CHARSET=latin1 AUTO_INCREMENT=12 ;

--
-- Dumping data for table `city_master`
--

INSERT INTO `city_master` (`id`, `city_name`, `status`) VALUES
(1, 'mumbai', 1),
(2, 'pune', 1),
(3, 'delhi', 1),
(4, 'bengaluru', 1),
(5, 'goa', 1),
(6, 'hyderabad', 1),
(7, 'jaipur', 1),
(8, 'chandigarh', 1),
(9, 'agra', 1),
(10, 'kochi', 1),
(11, 'mussoorie', 1);

-- --------------------------------------------------------

--
-- Table structure for table `contact_details`
--

CREATE TABLE IF NOT EXISTS `contact_details` (
  `id` int(11) NOT NULL AUTO_INCREMENT,
  `hotel_id` int(11) NOT NULL,
  `f_name` varchar(30) NOT NULL,
  `l_name` varchar(30) NOT NULL,
  `email` varchar(100) NOT NULL,
  `broadline` varchar(20) NOT NULL,
  `direct` varchar(20) NOT NULL,
  `mobile` varchar(20) NOT NULL,
  PRIMARY KEY (`id`)
) ENGINE=InnoDB  DEFAULT CHARSET=latin1 AUTO_INCREMENT=20 ;

--
-- Dumping data for table `contact_details`
--

INSERT INTO `contact_details` (`id`, `hotel_id`, `f_name`, `l_name`, `email`, `broadline`, `direct`, `mobile`) VALUES
(1, 9, 'Archana', 'Yadav', 'archana.yadav@marriott.com', '91 80 49435000', '91 80 49432111', '91 8884978915'),
(2, 13, 'Vikram', 'Singh', 'vikram.singh@marriott.com', '91 172 3955555', '91 172 3955555', '91 828384 3493'),
(3, 1, 'Shradha', 'Deshpande', 'shradha.deshpande@marriott.com', '91 22 66933000', '91 22 66933011', '91 9004474113'),
(4, 2, 'Nisha', 'Patil', 'Nisha.patil@marriott.com', '91 22 66927777', '91 22 66927057', '91 9167198508'),
(5, 14, 'Abhishek', 'Rao', 'abhishek.rao@marriott.com', '91 22 28538888', '91 22 28538590', '91 7710009206'),
(6, 10, 'Srikant', 'Kodali', 'Srikant.kodali@marriott .com', '91 832 2463333', '91 832 6656036', '91 9975024212'),
(7, 10, 'Hayagriv', 'Rathod', 'jw.delap.sales.coordinator@marriotthotels.com', '91 11 45212121', '91 11 45212144', '91 9650014388'),
(8, 11, 'Komal', 'Khatri', 'Komal.khatri@marriott.com', '91 141 4567777', '91 141 5168888', '91 9001339111'),
(9, 3, 'Phanindra', 'Tumuluri', 'phanindra.tumuluri@courtyard.com', '91 20 42122222', '91 20 42122184', '91 9764442501'),
(10, 4, 'Pallavi', 'Kumar', 'Pallavi.kumar@marriott.com', '91 20 6683 3333', '91 20 6683 2217', '91 7798982078'),
(11, 16, 'Priyanka', 'Chhajta', 'Priyanka.chhajta@marriott.com', '91 1352635700', '', '91 7060211017'),
(12, 18, 'Lakshya', 'Parashar', 'cy.agrcy.sales.executive1@courtyard.com', '91 562 2457777', '91 7351177666', ''),
(13, 8, 'Zoya', 'Dutta', 'zoya.dutta@marriott.com', '91 80 67188888', '91 80 67188530', '91 8884494065'),
(14, 5, 'Sneha', 'Biswas', 'Sneha.biswas@marriott.com', '+91 20 3566 6666', '+91 20 3566 6652', '+91 99237 55348'),
(15, 15, 'Ahemer', 'Shaikh', 'ahemer.shaikh@marriott.com', '91 22 6136 9999', '91 22 6136 9997', '91 8108182109'),
(16, 6, 'Shilpa ', 'Morarji', 'shilpa.morarji@marriott.com', ' +91 20 67248181', '', ' +91 8007927435'),
(17, 7, 'Sonali', 'Singh', 'sonali.singh@marriott.com', '011 45212121', '011 45212210', '8527697350'),
(18, 12, 'Seralathan', 'Manivannan', 'seralathan.manivannan@marriott.com', '91-40-27522999', '91-40-66522110', '91 9603049000'),
(19, 17, 'Mayoor', 'S ', 'Mayoorakanth.Sivalingam@marriotthotels.com', '91 484  7177777', '91 484  7177777', '91 8589989012');

-- --------------------------------------------------------

--
-- Table structure for table `enquiry`
--

CREATE TABLE IF NOT EXISTS `enquiry` (
  `id` int(11) NOT NULL AUTO_INCREMENT,
  `city_id` int(11) NOT NULL,
  `hotel_id` int(11) NOT NULL,
  `title_id` int(11) NOT NULL,
  `first_name` varchar(255) NOT NULL,
  `last_name` varchar(255) NOT NULL,
  `mobile` varchar(30) NOT NULL,
  `event_dates` date NOT NULL,
  `no_of_guests` int(11) NOT NULL,
  `landline` varchar(30) NOT NULL,
  `email` varchar(255) NOT NULL,
  `created_on` timestamp NOT NULL DEFAULT CURRENT_TIMESTAMP ON UPDATE CURRENT_TIMESTAMP,
  `ip_address` varchar(50) NOT NULL,
  PRIMARY KEY (`id`),
  KEY `city_id` (`city_id`,`hotel_id`,`title_id`)
) ENGINE=InnoDB  DEFAULT CHARSET=latin1 AUTO_INCREMENT=14 ;

--
-- Dumping data for table `enquiry`
--

INSERT INTO `enquiry` (`id`, `city_id`, `hotel_id`, `title_id`, `first_name`, `last_name`, `mobile`, `event_dates`, `no_of_guests`, `landline`, `email`, `created_on`, `ip_address`) VALUES
(1, 1, 1, 0, 'ajoydhas', 'amirtharaj', '9444321267', '2014-11-04', 11, '123445678', 'ajoydhasan@gmail.com', '2014-11-03 16:51:23', ''),
(2, 5, 10, 0, 'Ram', 'sundar', '1234567890', '2014-12-25', 12, '12345678', 'pramsundar@interaktmail.com', '2014-12-10 08:05:58', ''),
(3, 2, 6, 0, 'Hanisha', 'Lalwani', '9545453015', '2015-07-29', 100, '020-67248181', 'hanisha.lalwani@marriott.com', '2015-03-09 16:29:09', ''),
(4, 1, 1, 0, 'Sajan', 'Mahendra', '', '2015-07-23', 123, '234234234234', 'itssajan@gmail.com', '2015-07-02 14:48:47', ''),
(5, 1, 1, 0, 'Sajan', 'Mahendra', '91--9895341410-', '2015-07-15', 123, '12235345345', 'itssajan@gmail.com', '2015-07-02 14:53:37', ''),
(6, 1, 1, 0, 'Sajan', 'Mahendra', '91-9895341410-', '2015-07-23', 123, '12234234234', 'itssajan@gmail.com', '2015-07-02 14:58:55', ''),
(7, 1, 1, 0, 'SANAA', 'JAFRY', '974-66008494', '2016-08-14', 350, '', 'sanaa.jafry@gmail.com', '2016-01-29 21:38:51', ''),
(8, 1, 1, 0, 'Mougly', 'M', '91-1234567890', '2016-04-30', 10, '', 'vennila@design2.co.uk', '2016-04-27 11:56:48', ''),
(9, 1, 1, 0, 'Arunkumar', 'Balraj', '91-9677174743', '2016-04-27', 12, '', 'tamill.arun@gmail.com', '2016-04-27 13:00:13', ''),
(10, 2, 4, 0, 'Kunal', 'Moharir', '91-8087533397', '2017-02-11', 500, '', 'moharirkunal@gmail.com', '2016-05-27 19:53:58', ''),
(11, 2, 3, 0, 'Kunal', 'Moharir', '91-8087533397', '2017-02-11', 500, '', 'moharirkunal@gmail.com', '2016-05-27 19:55:26', ''),
(12, 7, 12, 0, 'Vijay', 'Kothagattu', '91-9902244009', '2016-08-20', 300, '9902244009', 'Vijay.kothagattu@gmail.com', '2016-06-11 08:48:13', ''),
(13, 2, 6, 0, 'Priyanka ', 'Jadhav', '091-8806087799', '2016-08-15', 40, '', 'Ratwekarpar@gmail.com', '2016-06-16 12:47:47', '');

-- --------------------------------------------------------

--
-- Table structure for table `enquiry_titles`
--

CREATE TABLE IF NOT EXISTS `enquiry_titles` (
  `id` int(11) NOT NULL AUTO_INCREMENT,
  `title_name` varchar(255) NOT NULL,
  `status` int(1) NOT NULL,
  PRIMARY KEY (`id`)
) ENGINE=InnoDB DEFAULT CHARSET=latin1 AUTO_INCREMENT=1 ;

--
-- Dumping data for table `enquiry_titles`
--


-- --------------------------------------------------------

--
-- Table structure for table `get_in_touch`
--

CREATE TABLE IF NOT EXISTS `get_in_touch` (
  `id` int(11) NOT NULL AUTO_INCREMENT,
  `name` varchar(50) NOT NULL,
  `mobile` varchar(20) NOT NULL,
  `email` varchar(60) NOT NULL,
  `message` varchar(200) NOT NULL,
  `preference` varchar(7) NOT NULL,
  `inserted_time` timestamp NOT NULL DEFAULT CURRENT_TIMESTAMP,
  `hotel` int(11) NOT NULL,
  PRIMARY KEY (`id`)
) ENGINE=InnoDB  DEFAULT CHARSET=latin1 AUTO_INCREMENT=350 ;

--
-- Dumping data for table `get_in_touch`
--

INSERT INTO `get_in_touch` (`id`, `name`, `mobile`, `email`, `message`, `preference`, `inserted_time`, `hotel`) VALUES
(30, 'onefougiebe', '', 'osuvoqi@emailll.org', 'http://flagyl-online-buy.net/ - Metronidazole 500 Mg <a href="http://priligy-cheapest-price-buy.org/">Priligy Dapoxetine</a> http://lasix-buy-online.net/', '', '0000-00-00 00:00:00', 0),
(31, 'ibticezojo', '', 'akenfaroq@fsfsdf.org', 'http://flagyl-online-buy.net/ - Buy Metronidazole <a href="http://priligy-cheapest-price-buy.org/">Buy Dapoxetine</a> http://lasix-buy-online.net/', '', '0000-00-00 00:00:00', 0),
(32, 'ifahisuluwo', '', 'eynikanoj@mailadadad.org', 'http://flagyl-online-buy.net/ - Buy Metronidazole <a href="http://priligy-cheapest-price-buy.org/">Priligy</a> http://lasix-buy-online.net/', '', '0000-00-00 00:00:00', 0),
(34, 'ksjdhfkh', '9198798897', 'akasd@asdas.com', 'kasjdhkjahd', 'email', '2015-07-03 16:34:55', 0),
(35, 'Thanu K', '911231231234', 'kthanu@interaktco.com', 'wedwdwfwfwq', 'email', '2015-07-03 16:37:06', 0),
(36, 'test', '080089877632345', 'test@gmail.com', 'flrefmrea', 'mobile', '2015-07-03 16:38:35', 0),
(37, 'Thanu K', '911231231234', 'kthanu@interaktco.com', 'wedwdwfwfwq', 'email', '2015-07-03 16:38:50', 0),
(38, 'okonoka', '', 'ooparo@mannbdinfo.org', 'http://flagyl-online-buy.net/ - Flagyl <a href="http://priligy-cheapest-price-buy.org/">Buy Dapoxetine Online</a> http://lasix-buy-online.net/', '', '2015-07-03 22:17:56', 0),
(39, 'iriokuf', '', 'ohalihoog@asdfooff.org', 'http://flagyl-online-buy.net/ - Metronidazole 500 Mg <a href="http://priligy-cheapest-price-buy.org/">Priligy Dapoxetine</a> http://lasix-buy-online.net/', '', '2015-07-03 22:17:56', 0),
(40, 'uuxoavufigoij', '', 'iewuuk@asddddmail.org', 'http://flagyl-online-buy.net/ - Metronidazole 500 Mg <a href="http://priligy-cheapest-price-buy.org/">Priligy</a> http://lasix-buy-online.net/', '', '2015-07-03 22:17:57', 0),
(41, 'mohdaijaz', '5025009052996707', 'aijazmohd56@yahoo.com', 'hai may neam is aijaz khan i m god \r\n', 'email', '2015-07-05 13:42:38', 0),
(42, 'harshini addepalli', '919820254496', 'harshini.addepalli@gmail.com', 'please contact for a wedding in nov - dec 2015 for 500 guests. pure veg.', 'mobile', '2015-07-05 18:32:04', 0),
(43, '', '', '', '', '', '2015-07-05 21:24:31', 0),
(44, '', '', '', '', '', '2015-07-05 21:25:18', 0),
(45, 'BABITA', '04500459873957970', 'babitanegi1999@yahoo.com', 'hello, ', 'mobile', '2015-07-06 01:39:29', 0),
(46, 'oyunaaqmecufo', '', 'uzetamhid@dfgggg.org', 'http://flagyl-online-buy.net/ - Metronidazole 500 Mg <a href="http://priligy-cheapest-price-buy.org/">Dapoxetine Buy</a> http://lasix-buy-online.net/', '', '2015-07-06 08:44:48', 0),
(47, 'emiqidu', '', 'atepacouw@dfgggg.org', 'http://flagyl-online-buy.net/ - Order Flagyl <a href="http://priligy-cheapest-price-buy.org/">Dapoxetine</a> http://lasix-buy-online.net/', '', '2015-07-06 09:00:21', 0),
(48, 'h fshhdf', '9101176765432', 'fghfhsdgh@ghgh.com', 'sdf dff dfsd fsdfs fsdfsdfsd fdsfsf sdfsdf dsfdfs', 'mobile', '2015-07-06 10:38:47', 0),
(49, 'h fshhdf', '9101176765432', 'fghfhsdgh@ghgh.com', 'sdf dff dfsd fsdfs fsdfsdfsd fdsfsf sdfsdf dsfdfs', 'mobile', '2015-07-06 10:39:47', 0),
(50, 'h fshhdf', '9101176765432', 'fghfhsdgh@ghgh.com', 'sdf dff dfsd fsdfs fsdfsdfsd fdsfsf sdfsdf dsfdfs', 'mobile', '2015-07-06 10:40:42', 0),
(51, 'agfsdg dasfdg', '9101176789876', 'a.nanddgm@gmail.com', ' hdghsdsd ddsdjk djk dj \r\nshad j sdkjaskdsad sda', 'email', '2015-07-06 10:43:01', 0),
(52, 'hfgshd', '910117777777', 'fhsghg@gmail.com', 'gdf sdjfhsd', 'email', '2015-07-06 10:43:49', 0),
(53, 'ddghas', '091011999999999', 'hgdhsgh@gmail.com', 's fsdfdsf dfsdf dsfsdf', 'mobile', '2015-07-06 10:44:28', 0),
(54, 'Rashmi Gupta', '91349801467117', 'rashmi.gupta1389@gmail.com', 'wedding plan', 'email', '2015-07-06 14:06:20', 0),
(55, 'ofaucuxipei', '', 'egzafini@mailadadad.org', 'http://flagyl-online-buy.net/ - Order Flagyl <a href="http://priligy-cheapest-price-buy.org/">Buy Dapoxetine</a> http://lasix-buy-online.net/', '', '2015-07-06 16:03:17', 0),
(56, 'ozojejilut', '', 'oeweneeq@fsfsdf.org', 'http://flagyl-online-buy.net/ - Buy Flagyl Online <a href="http://priligy-cheapest-price-buy.org/">Priligy Online</a> http://lasix-buy-online.net/', '', '2015-07-06 16:03:17', 0),
(57, 'sedviiitele', '', 'onitud@emailll.org', 'http://flagyl-online-buy.net/ - Metronidazole 500 Mg Antibiotic <a href="http://priligy-cheapest-price-buy.org/">Priligy</a> http://lasix-buy-online.net/', '', '2015-07-06 16:03:18', 0),
(58, 'ilukpexocmitu', '', 'bociote@emailll.org', 'http://flagyl-online-buy.net/ - Flagyl 500 Mg <a href="http://priligy-cheapest-price-buy.org/">Dapoxetine</a> http://lasix-buy-online.net/', '', '2015-07-06 16:20:53', 0),
(59, 'aifalokevefon', '', 'osonimul@mailadadad.org', 'http://flagyl-online-buy.net/ - Metronidazole 500 Mg <a href="http://priligy-cheapest-price-buy.org/">Dapoxetine</a> http://lasix-buy-online.net/', '', '2015-07-06 16:20:55', 0),
(60, 'fazaise', '', 'ajwiesog@fsfsdf.org', 'http://flagyl-online-buy.net/ - Metronidazole 500 Mg <a href="http://priligy-cheapest-price-buy.org/">Priligy En Usa</a> http://lasix-buy-online.net/', '', '2015-07-06 16:20:56', 0),
(61, 'aewiboacote', '', 'cupopaj@fsfsdf.org', 'http://flagyl-online-buy.net/ - Metronidazole Online <a href="http://priligy-cheapest-price-buy.org/">Dapoxetine Online</a> http://lasix-buy-online.net/', '', '2015-07-07 00:41:14', 0),
(62, 'otizicboa', '', 'irezixavi@mailadadad.org', 'http://flagyl-online-buy.net/ - Buy Flagyl Online <a href="http://priligy-cheapest-price-buy.org/">Priligy Online</a> http://lasix-buy-online.net/', '', '2015-07-07 00:41:15', 0),
(63, 'ocivesibbaw', '', 'ezixef@emailll.org', 'http://flagyl-online-buy.net/ - Metronidazole 500 Mg Antibiotic <a href="http://priligy-cheapest-price-buy.org/">Dapoxetine Buy</a> http://lasix-buy-online.net/', '', '2015-07-07 00:41:15', 0),
(64, 'adayibaedpu', '', 'avauje@asdfooff.org', 'http://flagyl-online-buy.net/ - Metronidazole 500 Mg <a href="http://priligy-cheapest-price-buy.org/">Generic Priligy</a> http://lasix-buy-online.net/', '', '2015-07-07 15:43:10', 0),
(65, 'gowirarexacow', '', 'aeuovrad@mannbdinfo.org', 'http://flagyl-online-buy.net/ - Flagyl Online <a href="http://priligy-cheapest-price-buy.org/">Priligy Online</a> http://lasix-buy-online.net/', '', '2015-07-07 15:43:20', 0),
(66, 'buxeonerufegu', '', 'amabuq@asdfooff.org', 'http://flagyl-online-buy.net/ - Buy Flagyl Online <a href="http://priligy-cheapest-price-buy.org/">Priligy In Uk</a> http://lasix-buy-online.net/', '', '2015-07-07 15:58:44', 0),
(67, 'ujieqezefev', '', 'ekugankez@mannbdinfo.org', 'http://flagyl-online-buy.net/ - Flagyl Antibiotic <a href="http://priligy-cheapest-price-buy.org/">Dapoxetine Buy</a> http://lasix-buy-online.net/', '', '2015-07-07 15:58:51', 0),
(68, '', '', '', '', '', '2015-07-07 17:35:40', 0),
(69, '', '', '', '', '', '2015-07-07 17:36:40', 0),
(70, '', '', '', '', '', '2015-07-07 17:37:40', 0),
(71, '', '', '', '', '', '2015-07-07 17:38:41', 0),
(72, 'rajesh', '912240067008', 'shagunfilms.jain@gmail.com', 'interested ', 'mobile', '2015-07-07 22:36:44', 0),
(73, 'testing', '910119878923434', 'testingk123@gmail.com', ' dsfldfjlajdlsjflda lfdk', 'mobile', '2015-07-08 11:40:09', 0),
(74, 'testgkk', '910119878122222', 'testingk1234@gmail.com', 'dslfdla dklafjldf', 'mobile', '2015-07-08 11:41:40', 0),
(75, 'dslfjald', '910119998887776', 'kdflsjf@ldfj.com', 'fdslfasdf lsdjfldsjdf', 'email', '2015-07-08 11:42:55', 0),
(76, 'abbduoaninin ', '9101128046676', 'ahoijoi@mail.com', 'i like to book a wedding 10,0000 people', 'email', '2015-07-08 15:52:43', 0),
(77, 'abgeregayas', '', 'wiosap@rertimail.org', 'http://flagyl-online-buy.net/ - Buy Flagyl Online <a href="http://priligy-cheapest-price-buy.org/">Priligy Uk</a> http://lasix-buy-online.net/', '', '2015-07-09 09:50:10', 0),
(78, 'anmejlanadeg', '', 'eqozuwi@aspotgmail.org', 'http://flagyl-online-buy.net/ - Metronidazole 500 Mg Antibiotic <a href="http://priligy-cheapest-price-buy.org/">Priligy Dapoxetine</a> http://lasix-buy-online.net/', '', '2015-07-09 09:50:18', 0),
(79, 'uawacdovayi', '', 'efajoy@aboutbothann.org', 'http://flagyl-online-buy.net/ - Buy Metronidazole <a href="http://priligy-cheapest-price-buy.org/">Buy Dapoxetine</a> http://lasix-buy-online.net/', '', '2015-07-09 09:50:19', 0),
(80, 'oqapebagefu', '', 'asoubhoge@aspotgmail.org', 'http://flagyl-online-buy.net/ - Flagyl Antibiotic <a href="http://priligy-cheapest-price-buy.org/">Priligy Online</a> http://lasix-buy-online.net/', '', '2015-07-09 10:00:59', 0),
(81, 'aoofozebajato', '', 'eqaedamaj@aboutbothann.org', 'http://flagyl-online-buy.net/ - Buy Flagyl Online <a href="http://priligy-cheapest-price-buy.org/">Cheap Priligy</a> http://lasix-buy-online.net/', '', '2015-07-09 10:01:02', 0),
(82, 'iyecavuxi', '', 'ayiroln@rertimail.org', 'http://flagyl-online-buy.net/ - Flagyl 500 Mg <a href="http://priligy-cheapest-price-buy.org/">Dapoxetine</a> http://lasix-buy-online.net/', '', '2015-07-09 10:01:11', 0),
(83, '', '', '', '', '', '2015-07-09 11:28:19', 0),
(84, 'abhishek kumar singh', '918376980035', 'as_singh@yahoo.com', 'for fred', 'email', '2015-07-09 19:23:30', 0),
(85, 'uvefobk', '', 'imijih@asddddmail.org', 'http://flagyl-online-buy.net/ - Flagyl <a href="http://priligy-cheapest-price-buy.org/">Generic Priligy</a> http://lasix-buy-online.net/', '', '2015-07-10 07:06:07', 0),
(86, 'axuapfeivat', '', 'aremawueo@asdfooff.org', 'http://flagyl-online-buy.net/ - Buy Metronidazole <a href="http://priligy-cheapest-price-buy.org/">Dapoxetine</a> http://lasix-buy-online.net/', '', '2015-07-10 07:06:10', 0),
(87, 'ocacefit', '', 'eliviw@mannbdinfo.org', 'http://flagyl-online-buy.net/ - Metronidazole Online <a href="http://priligy-cheapest-price-buy.org/">Cheap Priligy</a> http://lasix-buy-online.net/', '', '2015-07-10 07:06:19', 0),
(88, 'shahina parveen', '918287604723', 'shaina.biotech89@gmail.com', 'hi\r\ncharges for wedding events?', 'email', '2015-07-11 12:33:04', 0),
(89, 'pzuvadeho', '', 'iowuuy@mailadadad.org', 'http://flagyl-online-buy.net/ - Buy Flagyl Online <a href="http://priligy-cheapest-price-buy.org/">Priligy Dapoxetine</a> http://lasix-buy-online.net/', '', '2015-07-13 07:26:23', 0),
(90, 'emugiqinpen', '', 'uqwitigu@emailll.org', 'http://flagyl-online-buy.net/ - Flagyl <a href="http://priligy-cheapest-price-buy.org/">Cheap Priligy</a> http://lasix-buy-online.net/', '', '2015-07-13 07:26:23', 0),
(91, 'itfumupek', '', 'ugzadotin@fsfsdf.org', 'http://flagyl-online-buy.net/ - Buy Metronidazole <a href="http://priligy-cheapest-price-buy.org/">Priligy Online</a> http://lasix-buy-online.net/', '', '2015-07-13 07:26:24', 0),
(92, 'ibawnup', '', 'afheidu@mailadadad.org', 'http://flagyl-online-buy.net/ - Order Flagyl <a href="http://priligy-cheapest-price-buy.org/">Priligy</a> http://lasix-buy-online.net/', '', '2015-07-13 07:41:23', 0),
(93, 'ejtoxebeheb', '', 'abirilt@emailll.org', 'http://flagyl-online-buy.net/ - Buy Flagyl Online <a href="http://priligy-cheapest-price-buy.org/">Priligy Dapoxetine</a> http://lasix-buy-online.net/', '', '2015-07-13 07:41:23', 0),
(94, 'asayzepoz', '', 'uzeari@fsfsdf.org', 'http://flagyl-online-buy.net/ - Flagyl Online <a href="http://priligy-cheapest-price-buy.org/">Dapoxetine</a> http://lasix-buy-online.net/', '', '2015-07-13 07:41:24', 0),
(95, '', '', '', '', '', '2015-07-13 13:01:59', 0),
(96, '', '', '', '', '', '2015-07-13 13:02:15', 0),
(97, '', '', '', '', '', '2015-07-13 13:02:25', 0),
(98, '', '', '', '', '', '2015-07-13 13:03:36', 0),
(99, 'ufaranadokje', '', 'povekuha@emailll.org', 'http://flagyl-online-buy.net/ - Metronidazole 500 Mg Antibiotic <a href="http://priligy-cheapest-price-buy.org/">Dapoxetine Online</a> http://lasix-buy-online.net/', '', '2015-07-13 14:12:57', 0),
(100, 'exobuhoper', '', 'paaxifhif@fsfsdf.org', 'http://flagyl-online-buy.net/ - Flagyl <a href="http://priligy-cheapest-price-buy.org/">Dapoxetine Order</a> http://lasix-buy-online.net/', '', '2015-07-13 14:12:57', 0),
(101, 'audhaimi', '', 'iateceg@mailadadad.org', 'http://flagyl-online-buy.net/ - Flagyl <a href="http://priligy-cheapest-price-buy.org/">Cheap Priligy</a> http://lasix-buy-online.net/', '', '2015-07-13 14:12:57', 0),
(102, 'uqowakaec', '', 'pikuyo@alfamailr.org', 'http://flagyl-online-buy.net/ - Flagyl <a href="http://priligy-cheapest-price-buy.org/">Generic Priligy</a> http://lasix-buy-online.net/', '', '2015-07-16 13:19:25', 0),
(103, 'idezcka', '', 'ofowaleem@popmailserv.org', 'http://flagyl-online-buy.net/ - Metronidazole Online <a href="http://priligy-cheapest-price-buy.org/">Buy Priligy Online</a> http://lasix-buy-online.net/', '', '2015-07-16 13:19:26', 0),
(104, 'uvitufarewiw', '', 'ehobupe@dfgggg.org', 'http://flagyl-online-buy.net/ - Flagyl Antibiotic <a href="http://priligy-cheapest-price-buy.org/">Priligy</a> http://lasix-buy-online.net/', '', '2015-07-16 13:19:28', 0),
(105, 'citopay', '', 'ovicevejr@popmailserv.org', 'http://flagyl-online-buy.net/ - Metronidazole 500 Mg Antibiotic <a href="http://priligy-cheapest-price-buy.org/">Buy Priligy Online</a> http://lasix-buy-online.net/', '', '2015-07-16 13:30:06', 0),
(106, 'ajivemaduda', '', 'vbuvutann@alfamailr.org', 'http://flagyl-online-buy.net/ - Metronidazole Online <a href="http://priligy-cheapest-price-buy.org/">Cheap Priligy</a> http://lasix-buy-online.net/', '', '2015-07-16 13:30:06', 0),
(107, 'ovbuheh', '', 'uikielaji@dfgggg.org', 'http://flagyl-online-buy.net/ - Metronidazole Online <a href="http://priligy-cheapest-price-buy.org/">Cheap Priligy</a> http://lasix-buy-online.net/', '', '2015-07-16 13:30:07', 0),
(108, 'ubekesivunon', '', 'ibumivoxi@mailadadad.org', 'http://flagyl-online-buy.net/ - Buy Metronidazole <a href="http://priligy-cheapest-price-buy.org/">Online Priligy</a> http://lasix-buy-online.net/', '', '2015-07-19 04:19:43', 0),
(109, 'uzimonime', '', 'iyqapigi@emailll.org', 'http://flagyl-online-buy.net/ - Order Flagyl <a href="http://priligy-cheapest-price-buy.org/">Dapoxetine</a> http://lasix-buy-online.net/', '', '2015-07-19 04:19:43', 0),
(110, 'uveraxesoqi', '', 'ahiramoga@fsfsdf.org', 'http://flagyl-online-buy.net/ - Order Flagyl <a href="http://priligy-cheapest-price-buy.org/">Priligy In Uk</a> http://lasix-buy-online.net/', '', '2015-07-19 04:19:43', 0),
(111, 'olocixo', '', 'urtaiyeje@fsfsdf.org', 'http://flagyl-online-buy.net/ - Flagyl 500 Mg <a href="http://priligy-cheapest-price-buy.org/">Priligy Online</a> http://lasix-buy-online.net/', '', '2015-07-19 04:39:19', 0),
(112, 'aegazas', '', 'cecablis@mailadadad.org', 'http://flagyl-online-buy.net/ - Metronidazole 500 Mg Antibiotic <a href="http://priligy-cheapest-price-buy.org/">Cheap Priligy</a> http://lasix-buy-online.net/', '', '2015-07-19 04:39:20', 0),
(113, 'ihubihe', '', 'ebikkayu@emailll.org', 'http://flagyl-online-buy.net/ - Metronidazole 500 Mg Antibiotic <a href="http://priligy-cheapest-price-buy.org/">Priligy</a> http://lasix-buy-online.net/', '', '2015-07-19 04:39:20', 0),
(114, 'iwiquhuwej', '', 'uagepoode@alfamailr.org', 'http://flagyl-online-buy.net/ - Buy Flagyl Online <a href="http://priligy-cheapest-price-buy.org/">Buy Dapoxetine</a> http://lasix-buy-online.net/', '', '2015-07-19 10:52:49', 0),
(115, 'exeutum', '', 'epavebug@dfgggg.org', 'http://flagyl-online-buy.net/ - Metronidazole 500 Mg <a href="http://priligy-cheapest-price-buy.org/">Generic Priligy</a> http://lasix-buy-online.net/', '', '2015-07-19 10:52:53', 0),
(116, 'iyisiyeyopiz', '', 'jooxil@popmailserv.org', 'http://flagyl-online-buy.net/ - Metronidazole 500 Mg Antibiotic <a href="http://priligy-cheapest-price-buy.org/">Dapoxetine Buy</a> http://lasix-buy-online.net/', '', '2015-07-19 10:53:01', 0),
(117, 'ovaxukukuz', '', 'dnecep@dfgggg.org', 'http://flagyl-online-buy.net/ - Order Flagyl <a href="http://priligy-cheapest-price-buy.org/">Dapoxetine Buy</a> http://lasix-buy-online.net/', '', '2015-07-19 11:03:06', 0),
(118, 'iwlofag', '', 'iwokki@alfamailr.org', 'http://flagyl-online-buy.net/ - Flagyl Online <a href="http://priligy-cheapest-price-buy.org/">Generic Priligy</a> http://lasix-buy-online.net/', '', '2015-07-19 11:03:07', 0),
(119, 'omovaomawi', '', 'oledmonto@popmailserv.org', 'http://flagyl-online-buy.net/ - Order Flagyl <a href="http://priligy-cheapest-price-buy.org/">Buy Dapoxetine</a> http://lasix-buy-online.net/', '', '2015-07-19 11:03:07', 0),
(120, 'josten', '912942482230', 'josten_cnv@yahoo.com', 'living\r\n', 'email', '2015-07-20 17:52:29', 0),
(121, 'himmat singh', '9114237737286745', 'himmats552@gmail.com', 'hiiiiiiiiiiiiiiiiiiiiiiiiiiiiiiiii', 'email', '2015-07-24 22:32:19', 0),
(122, 'Poinnalaspale', '', 'fight475@hotmail.com', 'It will tell ti aurately; it ought to additionally be ockproof and water-proof. Alternatively, you can send your Xbox in to Microsoft if you never mind waiting 4-6 weeks and do not mind paying $140 re', '', '2015-07-28 03:07:30', 0),
(123, 'Poinnalaspale', '', 'fight475@hotmail.com', 'Whereas there are many drills, its smart to present detailed attention to 1 at a ti. The modern ones were first produced by using lithographed metal way back in the 1950s, 1960s, 1970s and 1980s. I', '', '2015-07-28 07:49:24', 0),
(125, 'sajan', '91-9447-966886', 'msajan@interaktmail.com', 'just a test ', 'email', '2015-07-28 10:08:25', 9),
(126, 'gfhsd fghdfsd', '91-011-87654554', 'ghsdh@hghghj.com', ' sdhf gsjfd hsjdfk jjdfkjskd', 'mobile', '2015-08-11 13:52:54', 18),
(127, 'fdg dhsad', '91-011-89765667', 'ananddgm@gmail.com', 'gdfj dfhsdf sdd', 'email', '2015-08-11 13:53:44', 8),
(128, 'hgfdgfdg', '91-011-9898912121', 'testgnk12@gmail.com', 'hgdgfdg', 'email', '2015-08-12 13:34:21', 6),
(129, 'Manoj Kumar', '91-8056-37217', 'kmanoj@interaktco.com', 'Testing CPL Mailers', 'email', '2015-08-12 15:03:54', 1),
(130, 'Shiv R Singh', '91--9022871911', 'cdt_shivram@yahoo.com', 'Would  like  to plan  my wedding  with  you.', 'email', '2015-08-14 14:21:00', 18),
(131, 'Jignesh samdani', '91-1482-237776', 'samdanijignesh@yahoo.com', 'I want to plan a wedding 20 to 25 years later from now\r\n', 'email', '2015-08-14 14:24:11', 11),
(132, 'Yasin', '022-52-9320743740', 'y.kenzo@yahoo.com', 'Call me', 'email', '2015-08-14 15:11:06', 18),
(133, 'Om Datt Sharma', '91-120-4317065', 'omdatt_sharma@yahoo.co.in', 'Please send your cost and availability details for March 2016 wedding. Date is flexible. ', 'email', '2015-08-14 17:15:01', 7),
(134, 'Kausar Khan', '022-989-2990187', 'kausarhasmatullah@yahoo.in', 'I m looking for something special but I reasonable', 'email', '2015-08-14 17:21:48', 15),
(135, 'BASKER DHARMALINGAM', '91--9443441774', 'basker_kgiri@yahoo.com', 'My wedding date is 10-11-2015. Please sent the details of this offers', 'email', '2015-08-14 19:01:23', 8),
(136, 'S.DAMODARAN', '-99449-91526', 'sdamo@yahoo.com', 'Pl quote for rooms double occupancy - both 6th & 13th Sep  along with hotel taxi fare both airport pickup & drop at airport on both the days.   My son & daughter n law rachng Inida 6th early morning &', '', '2015-08-14 20:08:08', 7),
(137, 'Mahendra Sarup', '91-124-2570144', 'mahendrasarup@yahoo.com', 'We wish to celebrate our Golden Anniversary at Courtyard by Marriott, Gurgaon on 7 th Nov 2015. Likely gathering for around 100 guests. Please let me know the most economical package.', 'email', '2015-08-14 20:16:37', 7),
(138, 'VIBHUTI ANAND', '91-011-9810092810', 'vibhutianand@yahoo.com', 'We are searching groom so very shortly we will be able to finalize. As soon it will be decided we will revert back to you. ', 'email', '2015-08-14 21:12:06', 11),
(139, 'Shanker', '91--9849053223', 'Ssv9@yahoo.com', 'Iam looking for yearly discount package.\r\n\r\n', 'mobile', '2015-08-15 12:20:12', 12),
(140, 'K madhu', '91--9581696753', 'ksmadhu12@gmail.com', 'I need accamidation', 'email', '2015-08-15 12:26:22', 12),
(141, 'Kota Madhu', '91--9581696753', 'ksmadhu12@gmail.com', 'Acconidation', 'email', '2015-08-15 12:31:44', 12),
(142, 'S prasad ', '91--9570740472', 'Shibeswar66@gmail.com', 'Marriage function 150 pax', 'email', '2015-08-15 13:17:17', 7),
(143, 'Shaikh', '91--7666672343', 'Shaikhghulamali3@gmail.com', 'For 200 person rate ', 'email', '2015-08-15 13:59:33', 1),
(144, 'Hemang', '91-22-9323961936', 'Hemangpkapadia@yahoo.co.in', 'Are you giving complete package for Gujarati wedding like sangeet , marriage, mehndi,reception with rooms + imp do u arrange for artistes and rituals', 'email', '2015-08-15 14:11:00', 1),
(145, 'Mirza Feroz Baig', '91-40-23515988', 'mfsbaig@gmail.com', 'Let me know your some offer @ Mumbai Hyderabad', 'email', '2015-08-15 14:54:35', 12),
(146, 'Rishi Bansal', '01-35-9719122266', 'rishi_ganga@yahoo.com', 'Destination marriage on 22nd oct for 300 guest', 'email', '2015-08-15 16:25:50', 16),
(147, 'chandra sekhara rao', '91--9899122663', 'chandrasekhara.rao@thinkandlearn.com', 'I STAY IN BANGALORE.I WANT TO KNOW ALL DETAILS REGARDING YOUR HOSPITALITIES TOWARDS GUESTS AND CHARGES FOR IT.PLEASE DO SEND ME REGARDING WEDDING PLANER . PLEASE RESPOND BY MAIL ONLY. THE SOONER THE B', 'email', '2015-08-15 20:05:34', 12),
(148, 'Dhirendra Kumar Sharma', '20--1021062708', 'lakheri@yahoo.com', 'I want to make marriage ceremony 2days for my daughter. \r\nKindly advise how much estimate \r\na. Guest to stay -  20 rooms(10 bride+10 Groom)\r\nb. Complete marriage ceremony for 2 days including receptio', 'email', '2015-08-15 21:31:15', 8),
(149, 'Mirza Feroz Baig', '91-40-23515988', 'mfsbaig@gmail.com', 'Let me know your some offer @ Mumbai Hyderabad', 'email', '2015-08-15 21:40:08', 12),
(150, 'Pawan khandelwal', '91-11-9811106884', 'Vk_k@yahoo.com', 'I am looking for a wedding venue', 'mobile', '2015-08-15 22:50:05', 7),
(151, 'Shabbir e lal', '91-022-23747752', 'shabbir_lal@hotmail.com', 'Dec 2016 marriage ceremony for my son', 'email', '2015-08-16 10:05:10', 15),
(152, 'BERIWAL UMA SHANKER', '91-33-23219156', 'usberiwal@yahoo.com', 'MARRIAGE', 'email', '2015-08-16 11:39:55', 10),
(153, 'anoop jauhari ', '91-32-9335154207', 'anoopjau@gmail.com', 'Plan for marriage ', 'email', '2015-08-17 11:45:39', 10),
(154, 'Vishal Todi', '91-080-9980309222', 'vishal_todi@yahoo.com', 'wedding Reservation for 175 to 200 pax , 2 nights 3 days, month of April 2016, 16th & 17th or 2nd option - (18th & 19th April)', 'mobile', '2015-08-17 11:50:51', 10),
(155, 'neelam mago', '91-120-4246129', 'pkmago@yahoo.com', 'daughter wedding on 12 dec 15.', 'email', '2015-08-17 13:57:50', 7),
(156, 'BALRAM THARANI ', '91-731-4046333', 'surgical_indore@yahoo.com', 'Please contact to explain ', 'email', '2015-08-17 23:14:11', 1),
(157, 'Jasbir s Sethi ', '091-11-9210031003', 'jasbir_sethi2000@hotmail.com', 'I wanna host a reception party with gathering of 600 to 800 persons on 17 dec 15,pls provide the information regarding .', 'email', '2015-08-18 02:22:54', 7),
(158, 'Jasbir s Sethi ', '091-11-9210031003', 'jasbir_sethi2000@hotmail.com', 'I wanna host a reception party with gathering of 600 to 800 persons on 17 dec 15,pls provide the information regarding .', 'email', '2015-08-18 02:29:52', 7),
(159, 'Urveeka Swaroop', '91-011-45605688', 'rsbhatnagar07@yahoo.com', '1. Pl inform Clear address and distance from CP, and distance from Sector6, Dwarka, New Delhi\r\n2. Inform Tariff Plans\r\nThanks,\r\nSwaroops', 'email', '2015-08-18 09:59:38', 7),
(160, 'Usha', '12-18-8341085758', 'ushaammal919@gmail.com', 'i am very good looking and very nice and beautiful girl', 'email', '2015-08-19 10:49:20', 12),
(161, 'viswanath ', '91-040-7396893862', 'viswanathpandey362@gmail.com', 'i would like intrested', 'mobile', '2015-08-19 10:50:17', 8),
(162, 'indira', '23-32-8099312247', 'indira2247ramesh@gmail.com', 'i would like to marry with sutabul person', 'email', '2015-08-19 11:49:57', 12),
(163, 'MARY FRANCIB', '91-040-7306747281', 'mary999francib@gmail.com', 'i would like intresed middle class family', 'mobile', '2015-08-19 11:51:53', 12),
(164, 'ajay kumar', '91-040-7670840729', 'uajaykumar862@gmail.com', 'i would like looking nice and beautiful love partner', 'mobile', '2015-08-19 12:06:35', 12),
(165, 'Umamaheshwaran', '23-30-9014843298', 'umamaheshwaran512@gmail.com', 'i want to the am in the marriott wedding panner', 'email', '2015-08-19 12:52:42', 12),
(166, 'dharmendra kumar', '91-040-8341962173', 'dharmendrakumar3pandey@gmail.com', 'i would like good traditional family ', 'mobile', '2015-08-19 13:23:16', 8),
(167, 'saguntala navakodi', '91-040-7842696148', 'saguntalanavakodi000@gmail.com', 'i would like a best wedding', 'mobile', '2015-08-19 14:51:16', 12),
(168, 'Zuvariya Bagam', '203-23-7396945968', 'zuvariya968begam@gmail.com', 'i am looking life partner', 'mobile', '2015-08-19 15:12:35', 12),
(169, 'ranjeet kumar', '91-040-9515792496', 'ranjeetkumarpandey51@gmail.com', 'i would like with good understanding love partner', 'mobile', '2015-08-19 15:14:45', 8),
(170, 'Sarada gopal', '25-60-8341084710', 'sarada5261@gmail.com', 'i would like to the my sister wedding planner to ger started', 'email', '2015-08-19 16:04:08', 12),
(171, 'vijendra singh', '91-040-7416995708', 'vijendersingha201@gmail.com', 'i would like good culture and good family', 'mobile', '2015-08-19 16:22:51', 8),
(172, 'Sukumar ', '966--0501798773', 'K_sukumarbabu@yahoo.com', 'Let me know the procedure to book wedding reception for 800 at Marriott Hyderabad for dinner and other arrangements . Thanking you ', 'email', '2015-08-19 16:35:16', 12),
(173, 'Sheela Nambiar', '506-45-8099462781', 'sheela781nambiar@gmail.com', 'i am witeing for buttifule life partner', 'mobile', '2015-08-19 16:59:43', 12),
(174, 'rajendra singh', '91-040-7569193316', 'rajendrasinghy48@gmail.com', 'i would like with good understanding love traditional family love partner', 'mobile', '2015-08-19 17:33:37', 12),
(175, 'Veena', '91-36-8688852169', 'veena6213@gmail.com', 'i wish to your wedding at marrott in the wedding planner to get started', 'mobile', '2015-08-19 17:45:02', 12),
(176, 'Uma Rani', '91-63-7396945355', 'uma5355rani@gmail.com', 'i am looking life partner', 'mobile', '2015-08-19 18:03:24', 12),
(177, 'Sandesh Madake', '91--9850570203', 'sandymadake@yahoo.co.in', 'I wish to know the budget for 300 people for a marriage ', 'email', '2015-08-19 19:15:01', 4),
(178, 'Akshat', '91--8689970595', 'akshu20791@gmail.com', 'I need my wedding to be palnned at Marriot.', 'mobile', '2015-08-19 19:23:07', 8),
(179, 'Anoop Bellam ', '91--8008266863', 'Anoop.bellam44@gmail.com', 'Need my wedding to be very special for my family and my besthalf', 'email', '2015-08-20 07:38:08', 12),
(180, 'Indumathi', '91-19-7306977670', 'sukumaranindumathi980@gmail.com', 'i want to the int he ger in touch ', 'mobile', '2015-08-20 10:44:56', 12),
(181, 'satendra singh', '91-040-7569502903', 'bsinghsatendra97@gmail.com', 'i would like a middle class family and good family back ground', 'mobile', '2015-08-20 11:01:09', 8),
(182, 'hema malini', '91-040-7306841370', 'hema555malini@gmail.com', 'i would like a grand wedding', 'mobile', '2015-08-20 11:54:09', 9),
(183, 'Yasoda Devi', '91-26-7569140412', 'yasoda0412devi@gmail.com', 'i want marry with handsom guy', 'mobile', '2015-08-20 12:03:58', 12),
(184, 'shiv naresh', '91-040-7396945841', 'shivnaresh50singh@gmail.com', 'i would like with good understanding love partner', 'mobile', '2015-08-20 12:31:15', 12),
(185, 'Ramani', '91-05-7396795211', 'ramanikrishna820@gmail.com', 'my wedding at marriott in just get in touch with me call me', 'mobile', '2015-08-20 12:56:13', 12),
(186, 'vaibhav anand', '91-040-7396794019', 'anandvaibhav398@gmail.com', 'i would like good culture traditional family', 'mobile', '2015-08-20 13:41:53', 8),
(187, 'fathima', '91-25-7396945910', 'fathima910rani@gmail.com', 'i want to marry with good looking person', 'mobile', '2015-08-20 13:58:36', 9),
(188, 'usha sdhakar', '91-040-7670869627', 'sudhakar555usha@gmail.com', 'i would like to  be a grand ', 'mobile', '2015-08-20 14:50:49', 12),
(189, 'yashpal singh', '91-040-7416995677', 'yashpalsinghpathana85@gmail.com', 'i would like middle class family and good family back ground', 'mobile', '2015-08-20 15:39:17', 8),
(190, 'USHA', '91-86-7670959835', 'ushanataraja100@gmail.com', 'I WANT TO THE IN THE VERY NICE ', 'email', '2015-08-20 16:00:28', 12),
(191, 'kuldip singh', '91--9871251656', '5419dc@gmail.com', 'Ring ceremony of daughter on 19th October 6 PM onwards - attendance about 120 pax', 'email', '2015-08-20 16:15:45', 7),
(192, 'omendra kumar verma', '91-040-9515729247', 'omendrakumarverma04@gmail.com', 'i would like good culture and family back ground love partner', 'mobile', '2015-08-20 16:50:38', 12),
(193, 'sree dwvi', '91-65-7569835833', 'shinta833sridevi@gmail.com', 'i want to mary with wall educated person', 'mobile', '2015-08-20 16:56:26', 4),
(194, 'sasi rekha ', '91-040-7416994806', 'sasirekha111rajendrain@gmail.com', 'i would like to be best', 'mobile', '2015-08-20 17:09:21', 12),
(195, 'Test Arun', '91--9677174743', 'barunkumar@interaktmail.com', 'Test test', 'mobile', '2015-08-20 17:53:30', 18),
(196, 'vikas kumar', '91--8142128175', 'tvikaskumar2924@gmail.com', 'i would like good understanding beautiful love partnet', 'mobile', '2015-08-20 17:56:01', 8),
(197, 'Uthriyarani', '91--7396795217', 'uthiriyarani5416@gmail.com', 'i wam to thr good locatione in the mu sister wedding panners', 'mobile', '2015-08-20 18:07:44', 12),
(198, 'fathima', '91--8341616771', 'fathima771baguam@gmail.com', 'i am intresetd in lovge marrage', 'mobile', '2015-08-20 18:29:44', 14),
(199, 'Amit Kumar', '91--8603340089', 'liyushamit@gmail.com', 'hello', 'email', '2015-08-21 05:18:44', 8),
(200, 'Amit Kumar', '91--8133810089', 'amitstroker1051@gmail.com', 'hello', 'email', '2015-08-21 05:22:30', 5),
(201, 'manoj kumar', '91--8341616768', 'kmanojkumar784@gmail.com', 'i would like traditional  family love partner', 'mobile', '2015-08-21 10:44:52', 12),
(202, 'Uma aravindha', '91--7306055765', 'uma61aravindhan@gmail.com', 'i want to the good wedding palnner in the marriott', 'mobile', '2015-08-21 10:58:28', 12),
(203, 'nirmala', '91--9014720414', 'nirmala414bai@gmail.com', 'i want wedding marriott', 'mobile', '2015-08-21 11:19:18', 12),
(204, 'jitendra singh', '91--8142128974', 'djitendrasingh201@gmail.com', 'i would like to good behavior and good understanding partner', 'email', '2015-08-21 11:53:34', 8),
(205, 'RAJARAO SRIMAHI', '91--7842696074', 'rajarao888srimathi@gmail.com', 'i would like o be a grand', 'mobile', '2015-08-21 11:57:16', 12),
(206, 'Jothi', '91--7075740513', 'jothi85swamram@gmail.com', 'i woulod like to the in the very ncie', 'mobile', '2015-08-21 12:28:40', 12),
(207, 'Interakt Test', '91--9677174743', 'barunkumar@interaktmail.com', 'Test test', 'email', '2015-08-21 12:29:18', 18),
(208, 'raj kumar', '91--7416995671', 'sainirajkumar671@gmail.com', 'i would like good nature and good family', 'mobile', '2015-08-21 13:09:23', 12),
(209, 'subbalakshmi', '91--7396945408', 'subbalakshmi408@gmail.com', 'i am looking very nice place to marry', 'mobile', '2015-08-21 13:10:13', 12),
(210, 'Geetja', '91--9533410390', 'geetha846sankar@gmail.com', 'I WOULD LIKE TO THE IN THE ', 'mobile', '2015-08-21 13:47:30', 12),
(211, 'pranab kumar', '91--9963275713', 'pranabkumar2biswas@gmail.com', 'i would like middle class family', 'mobile', '2015-08-21 14:18:49', 8),
(212, 'UMA SAMPATH', '91--8341961942', 'uma456sampath@gmail.com', 'I WOULD LIKE TO BE A GRAND', 'mobile', '2015-08-21 14:37:26', 12),
(213, 'usha', '91--9533103351', 'usharangamani51@gmail.com', 'i want to book hall in hyderabad', 'mobile', '2015-08-21 15:47:05', 12),
(214, 'mukesh kumar', '91--7306339674', 'mmukeshkumar445@gmail.com', 'i would like good family and good culture ', 'mobile', '2015-08-21 16:03:56', 12),
(215, 'Usha', '91--7396792964', 'usha933ramakrishna@gmail.com', 'i would like to the in the nice wedding planner', 'mobile', '2015-08-21 16:54:40', 12),
(216, 'usha rajesh', '91--7670984095', 'usha444rajesh@gmail.com', 'i would like o be grand', 'mobile', '2015-08-21 16:58:46', 12),
(217, 'uma', '91--8341616747', 'umamuthu6747@gmail.com', 'i want marri with good ', 'mobile', '2015-08-21 17:25:11', 12),
(218, 'uma maheshwari', '91--9533347816', 'umamaheshwari318@gmail.com', 'my wending  nso beutifull and so since this is my haby this my numberis is 95333347816', 'email', '2015-08-21 18:25:15', 12),
(219, 'uma', '91--9533539028', 'umamaheshwari028@gmail.com', 'i am exparting good life ', 'mobile', '2015-08-21 18:50:11', 12),
(220, 'ramakrishna', '91--8121722760', 'krishjrk2010@gmail.com', 'send email', 'email', '2015-08-21 19:37:06', 12),
(221, 'brijesh gupta', '91--7416995673', 'brijeshgupta3385@gmail.com', 'i would like good traditional family love partner', 'mobile', '2015-08-22 10:47:19', 12),
(222, 'vikaram khanna', '91--9763596113', 'vikasg603@gmail.com', 'this is good site', 'email', '2015-08-22 10:56:50', 1),
(223, 'Usha', '91--7569816380', 'usha3300@gmail.com', 'i would like to the weding at marriott in the wedding palnner in hyderabad city', 'mobile', '2015-08-22 11:20:31', 12),
(224, 'sahil dube', '91--9889562356', 'sahil20@gmail.com', 'i want luxurious marriage party', 'email', '2015-08-22 11:33:05', 1),
(225, 'gowei', '91--7396945283', 'gowrikeshub5283@gmail.com', 'i want marry gret paln', 'mobile', '2015-08-22 11:57:50', 12),
(226, 'samant nidhi', '91--7306073914', 'samantnidhi106@gmail.com', 'i am looking a middle class good and traditional family back ground partner', 'mobile', '2015-08-22 12:07:11', 8),
(227, 'SRIKANT MAHENDRA YADAV ', '91--9691846833', 'syadav5910@yahoo.in', 'NOTHING', 'email', '2015-08-22 12:47:09', 16),
(228, 'Hemalatha', '91--7075740623', 'hemalatha8451@gmail.com', 'i would like to the in the next in the wedding planner', 'mobile', '2015-08-22 13:01:51', 12),
(229, 'md tahir allam', '91--9658702104', 'tatahir3@gmail.com', 'i love to visit mumbai, am planning to wedding at marriott', 'email', '2015-08-22 13:08:51', 2),
(230, 'praveen', '91--8341616696', 'praveenkumarh08@gmail.com', 'i am looking beautiful and good culture family back ground partner', 'mobile', '2015-08-22 13:17:53', 12),
(231, 'Ravi Kumar', '91--9953249504', 'Shyogram1992@gmail.com', 'Rates', 'mobile', '2015-08-22 13:19:06', 11),
(232, 'nirmala', '91--7569278115', 'nirmala115boya@gmail.com', 'i want to marry withlocation', 'mobile', '2015-08-22 13:39:57', 12),
(233, 'gagan deep', '91--9959846542', 'gagandeep514singh@gmail.com', 'i am looking simple and good understanding love partner', 'mobile', '2015-08-22 14:32:44', 8),
(234, 'NILESH HARICHANDRA AGHANE', '91--7725016894', 'naghane@yahoo.in', 'NOTHING', 'email', '2015-08-22 15:01:05', 6),
(235, 'Swarana lakshmi', '91--9014434374', 'swarnalakshmi8622@gmail.com', 'my wedding panner is hyderabad in the the marriott pallnyer', 'mobile', '2015-08-22 15:38:05', 12),
(236, 'SUBHASH DEVIDAS CHAUDHARI', '91--7067555369', 'csubhashdevidas@yahoo.in', 'plz contact its urgent', 'mobile', '2015-08-22 16:03:57', 7),
(237, 'ranganyaki', '91--7396945820', 'ranganayaki5820@gmail.com', 'i want to marry in hyderabad', 'mobile', '2015-08-22 16:22:19', 12),
(238, 'Jayamary', '91--7396792948', 'jayamary8463@gmail.com', 'i want to the good looking wedding planner', 'mobile', '2015-08-22 17:18:38', 12),
(239, 'VIVEK SAINATH NAIK ', '91--9827083178', 'vnaik44@yahoo.in', 'nothing', 'email', '2015-08-22 17:47:46', 10),
(240, 'pream', '91--7569873272', 'preama3272rajashekaram@gmail.com', 'i am looking luxery form house', 'mobile', '2015-08-22 17:56:04', 12),
(241, 'Rajesh joshi', '91--9314531958', 'rajeshjoshirajasthan@gmail.com', 'Let me know a quote for hosting a wedding in april 2016 at jaipur marriot.\r\n', 'email', '2015-08-23 23:23:46', 11),
(242, 'Latha', '91--8099330495', 'lathapalanivel128@gmail.com', 'i would like to the get in touch in wedding planner', 'mobile', '2015-08-24 10:56:56', 12),
(243, 'vishal sharma', '91--7842092871', 'jvishalsharma028@gmail.com', 'i am looking with a beautiful good understanding partner', 'mobile', '2015-08-24 11:00:59', 12),
(244, 'AMIT KUMAR', '91--7879428690', 'amit10s@yahoo.in', 'dcfsztvevbyb', 'email', '2015-08-24 11:02:42', 11),
(245, 'neela', '91--7306431482', 'neela482chandran@gmail.com', 'i want shadi mahal', 'mobile', '2015-08-24 11:39:48', 12),
(246, 'Geeta sampath', '91--8099189071', 'geeta741sampath@gmail.com', 'i would like o be grand', 'mobile', '2015-08-24 11:49:22', 12),
(247, 'mayank sharma', '91--8142126763', 'sharmamayank0577@gmail.com', 'i would like good traditional family love partner', 'mobile', '2015-08-24 12:19:21', 8),
(248, 'Shaji', '91--7396945913', 'shaji8420@gmail.com', 'i woould like to the wedding palnner', 'mobile', '2015-08-24 12:25:41', 12),
(249, 'ramani', '91--8341616793', 'natarajan793ramani@gmail.com', 'i have to looking in hyderabad', 'mobile', '2015-08-24 13:19:38', 12),
(250, 'amit kumar', '91--7396945955', 'lamitkumar97@gmail.com', 'i am looking a good family back ground with understanding partner', 'mobile', '2015-08-24 13:29:30', 12),
(251, 'Revathi ravikumar', '91--8341962010', 'revathi999ravikumar@gmail.com', 'i would lke tto be best wedding', 'mobile', '2015-08-24 14:00:20', 12),
(252, 'sachin verma', '91--7569445631', 'tsachinverma034@gmail.com', 'i would like to good traditional family love partner', 'mobile', '2015-08-24 14:34:16', 8),
(253, 'Geeta', '91--9533261359', 'geeta51anand@gmail.com', 'i would like to the my wedding palnner is the hyderabad', 'mobile', '2015-08-24 15:01:00', 12),
(254, 'ankur gupta', '91--7396793346', 'rkankurgupta74@gmail.com', 'i am looking a simple and beautiful love partner', 'mobile', '2015-08-24 16:07:09', 12),
(255, 'jyothi', '91--8688797101', 'jyothi101chandala@gmail.com', 'i am looking to marry in hyderabad', 'mobile', '2015-08-24 16:12:22', 12),
(256, 'DILIP KUMAR', '91--7067724771', 'dilip16a@yahoo.in', 'H57YR', 'email', '2015-08-24 16:21:48', 10),
(257, 'Hemalath', '91--7396945914', 'hemalatha2640@gmail.com', 'i would like to the in the wedding planner in hyderabad best hotel and place ', 'mobile', '2015-08-24 16:40:58', 2),
(258, 'jayasree ranganahan', '91--7842146510', 'jayasree555ranganathan@gmail.com', 'i would lke o be a grand wedding', 'mobile', '2015-08-24 16:53:49', 12),
(259, 'satyavir singh', '91--9515721684', 'satyavirsingh7845@gmail.com', 'i would like the simple and honesty beautiful love partner', 'mobile', '2015-08-24 17:12:02', 8),
(260, 'jothi', '91--8341616704', 'jothikala704@gmail.com', 'i am looking for hotel', 'mobile', '2015-08-24 18:07:05', 12),
(261, 'Vidhya', '91--7306231171', 'vidhyasubramaniam60@gmail.com', 'i want to the in the wedding planner in the nice ', 'mobile', '2015-08-24 18:32:10', 12),
(262, 'SHIV SINGH', '91--9907154650', 'shiv4m@yahoo.in', 'NXYEBW58TU', 'email', '2015-08-24 18:35:49', 10),
(263, 'gowtham krishna', '91--7569931834', 'gowthamkrishnagk965@gmail.com', 'i want marriage that should talk by everyone who see', 'email', '2015-08-24 19:48:33', 15),
(264, 'purushotham naidu', '91--7396945920', 'purushothamnaidu640@yahoo.in', 'i want beautiful and good to arrange my marriage its is very special day for anyone who getting marriage so its must be special', 'email', '2015-08-24 20:45:36', 10),
(265, 'Vijaya', '91--7670840391', 'vijaya841ranghavan@gmail.com', 'i want to the in the wedding planner in the nice of the hotel place', 'mobile', '2015-08-25 11:05:48', 12),
(266, 'yuvrajs singh', '91--7569361831', 'syuvrajsingh095@gmail.com', 'i am looking for simple and good family back ground partner', 'mobile', '2015-08-25 11:13:42', 12),
(267, 'saritha', '91--8341616647', 'saritha6647thiruvalan@gmail.com', 'i am looking for restaurant ', 'mobile', '2015-08-25 11:18:11', 12),
(268, 'amit', '91--8142127392', 'goelamit0514@gmail.com', 'i would like the honesty and good culture love partner', 'mobile', '2015-08-25 12:28:03', 8),
(269, 'Hemavathi', '91--7396547175', 'hemavathi5411@gmail.com', 'i would like to the in the nice of the marriott wedding planner', 'mobile', '2015-08-25 12:46:42', 12),
(270, 'nandhini', '91--7569023138', 'nandhinisamraj38@gmail.com', 'i want in hyderabad', 'mobile', '2015-08-25 13:03:19', 12),
(271, 'tejpal bairwa', '91--9887079835', 'bairwa.bluetej@gmail.com', 'hi\r\nthis is the luxury resorts   ', 'email', '2015-08-25 13:16:39', 11),
(272, 'Ragcn', '91--9029347880', 'rkandlapelli@gmail.com', 'Jdnbd', 'mobile', '2015-08-25 13:21:24', 16),
(273, 'rajesh singh', '91--9930537688', 'rajesh@gmail.com', 'Gu ggh', 'email', '2015-08-25 13:22:59', 18),
(274, 'purushoth', '91--8870589836', 'mpn296@gmail.com', 'not yet planned..but wish to ', 'email', '2015-08-25 13:30:50', 8),
(275, 'arvind sharma', '91--7396946085', 'aarvindsharma80@gmail.com', 'i would like u simple and honest person', 'mobile', '2015-08-25 13:39:52', 8),
(276, 'ANKIT PRAMOD KADAM', '91--7722832914', 'ankit2f@yahoo.in', 'ankit2f@yahoo.in\r\n', 'email', '2015-08-25 13:57:49', 1),
(277, 'neeraj kumar', '91--7842092814', 'neerajkumarj730@gmail.com', 'i am looking simple and good family ', 'mobile', '2015-08-25 15:21:00', 8),
(278, 'chandhrakala', '91--7396945469', 'chandra569kala@gmail.com', 'i want rich rooms', 'mobile', '2015-08-25 15:43:35', 12),
(279, 'Dulsie', '91--7306921893', 'dulsierani4441@gmail.com', 'i would like to the in the nice of the marriott wedding planner', 'mobile', '2015-08-25 15:48:17', 12),
(280, 'sunil kumar', '91--7569509096', 'sysunilkumar49@gmail.com', 'i am looking its beautiful love partner', 'mobile', '2015-08-25 16:32:11', 12),
(281, 'Dheeraj', '91--7827642112', 'Dheeru.7587@gmail.com', 'Want to know package detail for marriage', 'email', '2015-08-25 16:48:59', 18),
(282, 'Paras', '91--7259666642', 'ghsolanki@yahoo.com', 'Planning sister marriage may 2016', 'email', '2015-08-25 17:13:50', 8),
(283, 'ASHOK SHIVAJI GUJALE', '91--8236991890', 'ashok1a@yahoo.in', '8236991890\r\n', 'email', '2015-08-25 17:17:22', 13),
(284, 'lalitha', '91--7306904991', 'lalithasampath91@gmail.com', 'i have good and buteful hotel', 'mobile', '2015-08-25 17:19:00', 12),
(285, 'Vanaja', '91--7396774416', 'vanaja4566@gmail.com', 'i would like to the in the nice of the wedding planner in marriott', 'mobile', '2015-08-25 17:20:59', 12),
(286, 'aakarsh', '91--7396793057', 'parulaakarsh647@gmail.com', 'i am looking a middle class traditional family person', 'mobile', '2015-08-25 17:36:36', 8),
(287, 'ravindra Nitturkar', '91--9960640806', 'ravinitturkar55@yahoo.com', 'We want to consider your hotel for marriage function', 'email', '2015-08-25 17:54:20', 6),
(288, 'ravindra Nitturkar', '91--9960640806', 'ravinitturkar55@yahoo.com', 'We want to consider your hotel for marriage function', 'email', '2015-08-25 17:55:18', 6),
(289, 'Raisa Ladji', '91--9819031923', 'raisa.ladji@marriott.com', 'Test1', 'email', '2015-10-07 10:58:54', 11),
(290, 'Shashank Jain', '91-020-7350008509', 'jain_shank@yahoo.co.in', '6th & 7th July - Wedding 2016 Need package', 'email', '2016-01-09 16:59:05', 10),
(291, 'Manish', '00-91-8550998386', 'Thkhyd2010@gmail.com', 'Wedding reception for 550 people on 19th February 2016. ', 'mobile', '2016-01-11 21:43:36', 1),
(292, 'babsabtabkap', '78519092839-54957971', 'dsggsdrggss@gmail.com', 'vJspte http://brothosonkonlonwon.ru', '', '2016-01-14 05:13:06', 12),
(293, 'Arunkumar', '91--9677174743', 'tamill.arun@gmail.com', 'Test Test  From Interakt', 'email', '2016-01-25 21:34:09', 18),
(294, 'VKC', '91--9841019087', 'vkcshan@gmail.com', 'Message goes here', 'email', '2016-01-25 21:36:31', 1),
(295, 'Shan', '91--9841019087', 'vkcshan@gmail.com', 'dsfa sdfasdf ', 'email', '2016-01-25 21:41:40', 11),
(296, 'ewf qwef', '91--9841019087', 'vkcshan@gmail.com', 'ds fasf', 'email', '2016-01-25 21:42:48', 15),
(297, 'sdafsdfsd', '91--9841019087', 'vkcshan@gmail.com', 'df asfasdf asdf ', 'email', '2016-01-25 21:44:50', 5),
(298, 'dfasfas', '91--9841019087', 'vkcshan@gmail.com', 'das fsdf asdf asd', 'email', '2016-01-25 21:47:22', 5),
(299, 'Shan', '91--9841019087', 'vkcshan@gmail.com', 'dsaf sdf asdfasdf', 'email', '2016-01-25 21:57:22', 3),
(300, 'Farook', '91--9500051786', 'itsfarook@gmail.com', 'Good to go!', 'email', '2016-01-28 09:14:45', 10),
(301, 'Mark', '11240180385-92154236', 'mark357177@hotmail.com', 'hiLtR2 http://www.FyLitCl7Pf7kjQdDUOLQOuaxTXbj5iNG.com', '', '2016-01-29 14:28:55', 13),
(302, 'Reddy Prasad', '91--9566447555', 'areddyprasad@gmail.com', 'Looking for rich experience for wedding. ', 'email', '2016-01-30 09:59:56', 17),
(303, 'Mark', '90400899592-18999789', 'mark357177@hotmail.com', 'iXC9oW http://www.FyLitCl7Pf7kjQdDUOLQOuaxTXbj5iNG.com', '', '2016-01-30 12:42:53', 5),
(304, 'Mark', '49716076011-88846422', 'mark357177@hotmail.com', 'V9APCr http://www.FyLitCl7Pf7kjQdDUOLQOuaxTXbj5iNG.com', '', '2016-02-02 05:48:52', 16),
(305, 'Mark', '21739674869-75530846', 'mark357177@hotmail.com', 'SXzDfE http://www.FyLitCl7Pf7kjQdDUOLQOuaxTXbj5iNG.com', '', '2016-02-02 09:21:33', 6),
(306, 'Diya', '971-55-5541007', 'Mals33@hotmail.com', 'I am looking to host a thread ceremony function for around 150 people around the 1st week of july', 'email', '2016-02-02 10:43:20', 6),
(307, 'Mohan', '91--9842198421', 'mohan@mailinator.com', 'Hi.....', 'email', '2016-02-09 18:28:33', 18),
(308, 'fwoanyisl', 'ebdGBHAHp-lWAkAKsBYX', 'kdmqjl@nklzzq.com', 'ul2eSJ  <a href="http://efvaftoeojva.com/">efvaftoeojva</a>, [url=http://zgdjfldcygzw.com/]zgdjfldcygzw[/url], [link=http://vrnmjvnyfhhx.com/]vrnmjvnyfhhx[/link], http://rxzurguupvnl.com/', '', '2016-03-22 06:19:54', 9),
(309, 'Karthik', '91--9840889177', 'int.karthikr1@gmail.com', 'Pre Wedding plan', 'email', '2016-04-05 15:08:26', 5),
(310, 'Samarendra', '91--7382461902', 'mastersam987@gmail.com', 'Looking for a beautiful wedding.', 'mobile', '2016-04-27 11:52:40', 12),
(311, 'KARTHIKEYAN', '91--9840579918', 'npkatha@gmail.com', 'Get in ', 'email', '2016-04-28 11:09:55', 18),
(312, 'suresh', '91--9840579919', 'hsuresh@interaktmail.com', 'Test from Interakt.', 'email', '2016-04-28 11:18:26', 1),
(313, 'Suresh', '91--9840579919', 'hsuresh@interaktmail.com', 'Inerakt', 'email', '2016-04-28 12:21:50', 2),
(314, 'SureshKumar', '91--9840579919', 'hsuresh@interaktmail.com', 'Interakt', 'email', '2016-04-28 13:00:28', 2),
(315, 'karthikeyan', '91--9840579921', 'pkarthikeyan@interaktmail.com', 'Interakt', 'email', '2016-04-28 14:10:23', 2),
(316, 'Djdjsj', '91-22-1234567789', 'Yahe@ymail.com', 'Jjhhh', 'email', '2016-05-07 13:21:14', 15),
(317, 'Lainey', '7vSoi4m65-GZtQ3hnopS', '3glp8ofvtyn@hotmail.com', 'Lot of smarts in that potsnig!', '', '2016-05-17 05:56:22', 14),
(318, 'Sharky', 'wK6C6mMGRrZ-Dzx4V0mh', '5i3bd3vqw@gmail.com', 'oh lord &#8211; that blog is funny.  I think it&#8217;s great you ate them all!  Mine?  Well, except for the ones I took to the party, they are sitting in my fridge, still pretty, an I can&#8217;t bri', '', '2016-05-17 06:13:47', 2),
(319, 'karthikeyan', '91--9840579923', 'gayu295@gmail.com', 'Marriot', 'email', '2016-06-17 11:19:13', 13),
(320, 'SureshKumar', '91--9840579945', 'gayu21@gmail.com', 'test test', 'email', '2016-06-17 11:48:07', 18),
(321, 'GAYATHRI VELAYUTHAM', '91--9944714682', 'gayu295@gmail.com', 'Hi, Marriott is Nice', 'email', '2016-06-18 16:14:18', 14),
(322, 'karthikeyan', '91--9840579946', 'karthi123@gmail.com', 'test test', 'email', '2016-06-18 16:16:49', 8),
(323, 'karthikeyan', '91--9840579923', 'npkat@gmail.com', 'test test', 'email', '2016-06-18 16:20:10', 8),
(324, 'karthikeyan', '91--9840579923', 'karthi123@gmail.com', 'test test', 'email', '2016-06-18 16:23:16', 8),
(325, 'kk', '91--9840579666', 'gayu@gmail.com', 'test test', 'email', '2016-06-18 16:46:52', 10),
(326, 'kart234', '91--9865126655', 'manic@gmail.com', 'test test', 'email', '2016-06-18 17:04:33', 11),
(327, 'karthikeyan', '91--9840579977', 'gayu296@gmail.com', 'test testr', 'email', '2016-06-18 17:15:50', 10),
(328, 'karthikeyan', '91--9840579977', 'gayu296@gmail.com', 'test test', 'email', '2016-06-18 17:21:31', 1),
(329, 'karthikeyan', '91--9840579988', 'gayu297@gmail.com', 'test test', 'email', '2016-06-18 18:03:19', 8),
(330, 'karthikeyan', '91--9840579989', 'gayu297@gmail.com', 'ttttttt', 'email', '2016-06-18 18:05:01', 8),
(331, 'karthikeyan', '91--9840577771', 'gayu297@gmail.com', 'test tes', 'email', '2016-06-18 18:11:02', 8),
(332, 'manikandan', '91--9445930785', 'manic1@gmail.com', 'test test', 'email', '2016-06-18 20:55:16', 4),
(333, 'manikandan', '91--9445930785', 'manic1@gmail.com', 'test test', 'email', '2016-06-18 21:40:20', 4),
(334, 'manikandan1', '91--9840578798', 'manic2@gmail.com', 'Marriot is good', 'email', '2016-06-18 21:43:43', 8),
(335, 'manikandan', '91--9445930786', 'manic2@gmail.com', 'test test', 'email', '2016-06-18 21:45:52', 1),
(336, 'manikandan2', '91--9840579879', 'manic3@gmail.com', 'test test', 'email', '2016-06-18 21:47:21', 8),
(337, 'manikandan3', '91--9840579978', 'manic3@gmail.com', 'test test', 'email', '2016-06-18 22:36:45', 1),
(338, 'manikandan2', '91--9840579924', 'manikandan2@gmail.com', 'test test', 'email', '2016-06-18 22:40:15', 1),
(339, 'manikandan2', '91--9840579919', 'manic3@gmail.com', 'test sms', 'email', '2016-06-18 22:44:08', 16),
(340, 'manikandan3', '91--9840579945', 'manic3@gmail.com', 'test test', 'email', '2016-06-19 11:37:54', 1),
(341, 'manikandan3', '91--9840579979', 'manic4@gmail.com', 'test test', 'email', '2016-06-19 11:41:28', 1),
(342, 'manikandan4', '91--9840578989', 'gayu2951@gmail.com', 'Marriot', 'email', '2016-06-19 13:11:03', 1),
(343, 'manikandan4', '91--9840579342', 'manikandan4@gmail.com', 'Marriot', 'email', '2016-06-19 13:26:40', 4),
(344, 'Nikhil Thawani', '971--507242224', 'thawani.nikhil@gmail.com', 'Hi ,\r\n\r\nI am Nikhil thawani, We have family wedding coming up in  January 2017 and would like to know the availablity and rates for the hotel, the event details are as follows \r\n\r\nRooms/ Nights - 80/8', 'email', '2016-07-17 13:21:27', 4),
(345, 'JimmiXS', '88264027563-53997763', 'jimos4581rt@hotmail.com', 'pjbNKf http://www.FyLitCl7Pf7kjQdDUOLQOuaxTXbj5iNG.com', '', '2016-08-08 03:57:37', 6),
(346, 'JimmiXS', '82646146964-81152442', 'jimos4581rt@hotmail.com', 'EJHPso http://www.FyLitCl7Pf7kjQdDUOLQOuaxTXbj5iNG.com', '', '2016-08-11 15:57:12', 9),
(347, 'JimmiXS', '77868366336-29882293', 'jimos4581rt@hotmail.com', 'QoBZN7 http://www.FyLitCl7Pf7kjQdDUOLQOuaxTXbj5iNG.com', '', '2016-08-12 00:51:44', 6),
(348, 'test', '91--9983456789', 'test@test.com', 'testyt', 'email', '2016-08-24 16:42:44', 18),
(349, '123', '91--122323', '123@123.com', '3werwer', 'email', '2016-10-13 20:04:48', 18);

-- --------------------------------------------------------

--
-- Table structure for table `hotel_master`
--

CREATE TABLE IF NOT EXISTS `hotel_master` (
  `id` int(11) NOT NULL AUTO_INCREMENT,
  `city_id` int(11) NOT NULL,
  `hotel_name` varchar(255) NOT NULL,
  `status` int(1) NOT NULL,
  `code` varchar(200) NOT NULL,
  `description` text NOT NULL,
  `to` varchar(50) NOT NULL,
  `cc` varchar(50) NOT NULL,
  `mail_banner_img` varchar(255) NOT NULL,
  PRIMARY KEY (`id`),
  KEY `city_id` (`city_id`)
) ENGINE=InnoDB  DEFAULT CHARSET=latin1 AUTO_INCREMENT=19 ;

--
-- Dumping data for table `hotel_master`
--

INSERT INTO `hotel_master` (`id`, `city_id`, `hotel_name`, `status`, `code`, `description`, `to`, `cc`, `mail_banner_img`) VALUES
(1, 1, 'JW Marriott Mumbai', 1, 'mumbai-jw-marriott', '', 'shradha.deshpande@marriott.com', '', '01_JWMarriottMumbai.jpg'),
(2, 1, 'Renaissance Mumbai', 1, 'mumbai-renaissance', '', 'Nisha.patil@marriott.com', 'prasad.iyer@marriott.com', '02_RenaissanceMumbai.jpg'),
(3, 2, 'Courtyard Pune Hinjewadi', 1, 'pune-courtyard-hinjewadi', '', 'pradeep.atri@marriott.com', 'phanindra.tumuluri@marriott.com', '03_CourtyardPuneHinjewadi.jpg'),
(4, 2, 'JW Marriott Pune', 1, 'pune-jw-marriott', '', 'devika.james@marriott.com', 'phanindra.tumuluri@marriott.com', '04_JWMarriottPune.jpg'),
(5, 2, 'Courtyard Pune Chakan', 1, 'pune-courtyard-chakan', '', 'lokesh.sawant@marriott.com', 'hitesh.rathore@marriott.com', '05_CourtyardPuneChakan.jpg'),
(6, 2, 'Courtyard Pune City Centre', 1, 'pune-courtyard-city-centre', '', 'cy.pnqcy.asst.sales.mgr8@courtyard.com', 'cy.pnqcy.dos@courtyard.com', '06_CourtyardPuneCityCentre.jpg'),
(7, 3, 'JW Marriott New Delhi Aerocity', 1, 'delhi-jw-marriott-aerocity', '', 'ananya.sinha@marriott.com', 'sonia.rana@marriott.com', '07_JWMarriottNewDelhiAerocity.jpg'),
(8, 4, 'JW Marriott Bengaluru', 1, 'bengaluru-jw-marriott', '<h3>Lorem Ipsum</h3><p>Lorem ipsum dolor sit amet, consectetuer adipiscing elit, sed diam nonummy nibh euismod tincidunt ut laoreet dolore magna aliquam erat volutpat. Ut wisi enim ad minim veniam, quis nostrud exerci tation ullamcorper suscipit lobortis nisl ut aliquip ex ea commodo consequat. Duis autem vel eum iriure dolor in hendrerit in vulputate</p><p>Lorem ipsum dolor sit amet, consectetuer adipiscing elit, sed diam nonummy nibh euismod tincidunt ut laoreet dolore magna aliquam erat volutpat. Ut wisi enim ad minim veniam, quis nostrud exerci tation ullamcorper suscipit lobortis nisl ut aliquip ex ea commodo consequat. Duis autem vel eum iriure dolor in hendrerit in vulputate</p>', 'hoshedar.govadia@marriott.com', 'bhavana.menon@marriott.com', '08_JWMarriottBengaluru.jpg'),
(9, 4, 'Marriott Bengaluru Whitefield', 1, 'bengaluru-marriott-whitefield', '', 'archana.yadav@marriott.com', 'mhrs.blrwf.sales.centre.mgr@marriott.com', '09_MarriottBengaluruWhitefield.jpg'),
(10, 5, 'Goa Marriott Resort', 1, 'goa-marriott-resort', '', 'tanya.viegas@marriotthotels.com', 'tacita.cascar@marriotthotels.com', '10_GoaMarriottResort.jpg'),
(11, 6, 'Jaipur Marriott', 1, 'jaipur-marriott', '', 'dushyant.naruka@marriott.com', 'lovesh.sharma@marriott.com', '11_JaipurMarriott.jpg'),
(12, 7, 'Marriott Hyderabad', 1, 'hyderabad-marriott', '', 'ks.manivannan@marriott.com', 'vikram.singh@marriott.com', '12_MarriottHyderabad.jpg'),
(13, 8, 'JW Marriott Chandigarh', 1, 'chandigarh-jw-marriott', '', 'vikram.singh@marriott.com', 'divya.dwivedi@marriott.com', '13_JWMarriottChandigarh.jpg'),
(14, 1, 'JW Marriott Sahar Mumbai', 1, 'mumbai-jw_sahar', 'jw_sahar_mumbai', 'abhishek.rao@marriott.com', '', ''),
(15, 1, 'Courtyard by Marriott Mumbai International Airport', 1, 'mumbai-courtyard', 'courtyard_mumbai', 'ahemer.shaikh@marriott.com', '', ''),
(16, 3, 'JW Marriott Mussoorie', 1, 'mussoorie-jw_marriott_mussoorie', 'jw_marriott_mussoorie', '', '', ''),
(17, 10, 'Marriott Kochi', 1, 'kochi-marriott', 'kochi_marriott', '', '', ''),
(18, 3, 'Courtyard Agra', 1, 'agra-courtyard_agra', 'courtyard_agra', '', '', '');

-- --------------------------------------------------------

--
-- Table structure for table `newsletter`
--

CREATE TABLE IF NOT EXISTS `newsletter` (
  `id` int(11) NOT NULL AUTO_INCREMENT,
  `email` varchar(100) NOT NULL,
  `sub_date` timestamp NOT NULL DEFAULT CURRENT_TIMESTAMP,
  PRIMARY KEY (`id`)
) ENGINE=InnoDB  DEFAULT CHARSET=latin1 AUTO_INCREMENT=41 ;

--
-- Dumping data for table `newsletter`
--

INSERT INTO `newsletter` (`id`, `email`, `sub_date`) VALUES
(1, 'aajoydhas@interaktmail.com', '2014-11-03 17:13:01'),
(2, 'aajoydhas@interaktmail.com', '2014-11-03 17:16:20'),
(3, 'ajoydhas@gmail.com', '2014-11-03 17:18:04'),
(4, 'ajoydhas@gmail.com', '2014-11-06 10:54:33'),
(5, 'abx@xyz.com', '2015-05-06 16:13:43'),
(6, 'mustafa@europe.com', '2015-06-01 10:52:38'),
(7, 'palkarnikita@ymail.com', '2015-07-01 15:42:09'),
(8, 'palkarnikita@ymail.com', '2015-07-01 15:42:12'),
(9, 'palkarnikita@ymail.com', '2015-07-01 15:42:15'),
(10, 'palkarnikita@ymail.com', '2015-07-01 15:42:18'),
(11, 'palkarnikita@ymail.com', '2015-07-01 15:42:20'),
(12, 'palkarnikita@ymail.com', '2015-07-01 15:42:23'),
(13, 'SUNILJALLIGAMPALA@GMAIL.COM', '2015-07-03 20:56:41'),
(14, 'manish.gupta2010@rediffmail.com', '2015-07-03 22:19:49'),
(15, 'lakshmi_sirisha@rocketmail.com', '2015-07-12 20:51:12'),
(16, 'gnitika16@yahoo.com', '2015-07-16 14:05:12'),
(17, 'barenfernandez@yahoo.com', '2015-08-14 15:27:12'),
(18, 'sajid_kundawala@yahoo.com', '2015-08-14 16:54:32'),
(19, 'vallysmiths@yahoo.com', '2015-08-14 21:34:37'),
(20, 'yoursrafi2000@gmail.com', '2015-08-15 13:44:44'),
(21, 'hemangpkapadia@yahoo.co', '2015-08-15 14:06:20'),
(22, 'gulzarikpal@yahoo.co.in', '2015-08-16 17:34:11'),
(23, '', '2015-08-17 15:14:56'),
(24, 'nndeshpande@yahoo.com', '2015-08-17 15:14:56'),
(25, 'bharathamani_lic@yahoo.co.in', '2015-08-17 18:51:55'),
(26, 'kishanfood1995@gmail.com', '2015-08-17 19:42:08'),
(27, 'wedlockservices@gmail.com', '2015-08-25 16:56:12'),
(28, '', '2016-01-10 23:15:52'),
(29, '', '2016-01-13 12:48:45'),
(30, '', '2016-04-10 04:13:10'),
(31, '', '2016-04-10 04:13:11'),
(32, '', '2016-04-10 14:22:51'),
(33, '', '2016-05-04 13:00:56'),
(34, '', '2016-05-09 12:48:07'),
(35, '', '2016-05-09 12:48:13'),
(36, '', '2016-06-08 13:02:31'),
(37, '', '2016-06-08 13:02:33'),
(38, '', '2016-07-08 12:48:51'),
(39, '', '2016-08-07 12:48:48'),
(40, '', '2016-09-06 12:59:54');

-- --------------------------------------------------------

--
-- Table structure for table `package_enquiry`
--

CREATE TABLE IF NOT EXISTS `package_enquiry` (
  `id` int(11) NOT NULL AUTO_INCREMENT,
  `city_id` int(11) NOT NULL,
  `package_id` int(11) NOT NULL,
  `title_id` int(11) NOT NULL,
  `first_name` varchar(255) NOT NULL,
  `last_name` varchar(255) NOT NULL,
  `mobile` varchar(30) NOT NULL,
  `event_dates` date NOT NULL,
  `no_of_guests` int(11) NOT NULL,
  `landline` varchar(30) NOT NULL,
  `email` varchar(255) NOT NULL,
  `created_on` timestamp NOT NULL DEFAULT CURRENT_TIMESTAMP ON UPDATE CURRENT_TIMESTAMP,
  `ip_address` varchar(50) NOT NULL,
  PRIMARY KEY (`id`),
  KEY `city_id` (`city_id`,`package_id`,`title_id`)
) ENGINE=InnoDB  DEFAULT CHARSET=latin1 AUTO_INCREMENT=40 ;

--
-- Dumping data for table `package_enquiry`
--

INSERT INTO `package_enquiry` (`id`, `city_id`, `package_id`, `title_id`, `first_name`, `last_name`, `mobile`, `event_dates`, `no_of_guests`, `landline`, `email`, `created_on`, `ip_address`) VALUES
(1, 0, 3, 1, 'ajoydhas', 'amirtharaj', '9444357867', '2014-11-04', 12, '787899990', 'aajoydhas@interaktmail.com', '2014-11-03 17:01:41', ''),
(2, 0, 4, 1, 'ajoydhas', 'amirtharaj', '9444351159', '2014-12-04', 12, '43214321', 'aajoydhas@interaktmail.com', '2014-12-03 15:34:12', ''),
(3, 0, 4, 1, 'Ram', 'Sundar', '1234567890', '2014-12-25', 10, '12345678', 'pramsundar@interaktmail.com', '2014-12-10 08:11:08', ''),
(4, 0, 1, 1, 'Ram', 'Sundar', '1234567890', '2014-12-24', 12, '12345678', 'pramsundar@interaktmail.com', '2014-12-10 08:12:09', ''),
(5, 0, 2, 1, 'Ram', 'Sundar', '1234567890', '2014-12-24', 13, '12345678', 'pramsundar@interaktmail.com', '2014-12-10 08:12:31', ''),
(6, 0, 3, 1, 'Ram', 'Sundar', '1234567890', '2014-12-24', 14, '12345678', 'pramsundar@interaktmail.com', '2014-12-10 08:13:19', ''),
(7, 0, 4, 1, 'Ajoydhas', 'Amirtharaj', '1234567890', '2014-12-12', 12, '12345678', 'aajoydhas@interaktmail.com', '2014-12-11 10:31:34', ''),
(8, 0, 1, 1, 'Prem', 'Kumar', '', '2015-06-05', 99, '9176666358', 'sharan.k@usa.com', '2015-06-01 10:15:32', ''),
(9, 0, 3, 1, 'Karthik', 'R', '', '2015-06-18', 101, '', 'rkarthik@interaktmail.com', '2015-06-18 12:40:46', ''),
(10, 0, 4, 1, 'Karthik', 'R', '', '2015-06-19', 122, '', 'rkarthik@interaktmail.com', '2015-06-19 09:42:29', ''),
(11, 0, 2, 1, 'Balaji', 'S S', '', '2015-06-24', 1000, '000000000', 'vbss75@gmail.com', '2015-06-19 12:12:20', ''),
(12, 0, 1, 3, 'Safrin', 'Patil', '', '2015-08-18', 50, '', 'safrinpatil@gmail.com', '2015-06-26 15:33:45', ''),
(13, 0, 2, 1, 'Raj', 'Veer', '', '2015-07-23', 10, '', 'my@gmailc.om', '2015-07-01 13:20:53', ''),
(14, 0, 2, 1, 'VIPIN', 'THAPLIYAL', '', '2015-10-22', 600, '', 'bravo_dextra@hotmail.com', '2015-07-02 08:03:39', ''),
(15, 0, 2, 1, 'Paras ', 'Patel', '91-0261-9978371422', '2015-07-31', 500, '9099022282', 'pilu91@yahoo.com', '2015-07-02 16:39:20', ''),
(16, 0, 1, 1, 'Sajan', 'Mahendra', '91-9895341410', '2015-07-10', 123, '2734982759', 'itssajan@gmail.com', '2015-07-02 16:43:47', ''),
(17, 0, 1, 1, 'Sajan', 'Mahendra', '91-9895341410', '2015-07-30', 123, '', 'itssajan@gmail.com', '2015-07-03 09:18:57', ''),
(18, 0, 1, 1, 'Sajan', 'Mahendra', '91-9895341410', '2015-07-22', 123, '123123123', 'itssajan@gmail.com', '2015-07-03 09:29:30', ''),
(19, 0, 1, 1, 'Sajan', 'Mahendra', '91-9895341410', '2015-07-22', 345, '872634872', 'itssajan@gmail.com', '2015-07-03 09:31:20', ''),
(20, 0, 1, 1, 'Karthik', 'Rajan', '91-044-9840889177', '2015-07-09', 120, '493049034', 'hasini.k@europe.com', '2015-07-03 10:22:37', ''),
(21, 0, 4, 1, 'Mustafa', 'Hussain', '93-022-9876543210', '2015-07-09', 987, '55556666', 'sharan.k@usa.com', '2015-07-03 10:30:39', ''),
(22, 0, 2, 1, 'Gold ', 'Pack', '898-909-9876543210', '1969-12-31', 456, '90908080', 'sharan.k@usa.com', '2015-07-03 10:37:25', ''),
(23, 0, 3, 4, 'Silver', 'Sylvia', '789-345-8877665544', '0000-00-00', 908, '34567890', 'sharan.k@usa.com', '2015-07-03 10:43:37', ''),
(24, 0, 1, 1, 'Sudhanshu', 'Singh', '91-1419-415463725', '2016-02-14', 0, '', 'singhs1183@gmail.com', '2015-07-04 13:47:31', ''),
(25, 0, 2, 1, 'Sudhanshu', 'Singh', '91-1412-829202', '2016-02-14', 0, '', 'singhs1183@gmail.com', '2015-07-04 13:48:22', ''),
(26, 0, 4, 1, 'Rishabh ', 'Pendurkar ', '91-9892232155', '2016-02-14', 300, '', 'rishabhscorpio@gmail.com', '2015-08-14 14:14:12', ''),
(27, 0, 3, 1, 'Rajkumar', 'Mehrotra', '91-22-9935543560', '2016-02-28', 250, '', 'rajkumar_mehrotra@yahoo.co.in', '2015-08-14 18:36:00', ''),
(28, 0, 4, 1, 'Jyothi', 'Chandaarn', '20-26-8688797101', '2015-09-23', 150, '', 'jyothi101chandala@gmail.com', '2015-08-24 16:16:59', ''),
(29, 0, 2, 3, 'Hema', 'latha', '23-15-7396945914', '2015-09-12', 100, '', 'hemalatha2640@gmail.com', '2015-08-24 16:44:20', ''),
(30, 0, 1, 3, 'Vidhya', 'subram', '65-26-7306231171', '2015-10-08', 150, '', 'vidhyasubramaniam60@gmail.com', '2015-08-24 18:33:51', ''),
(31, 0, 3, 2, 'Vijaya', 'rangavan', '65-08-7670840391', '2015-09-28', 100, '', 'vijaya841ranghavan@gmail.com', '2015-08-25 11:09:37', ''),
(32, 0, 2, 3, 'Hema', 'vathi', '56-65-7396547175', '2015-10-09', 120, '', 'hemavathi5411@gmail.com', '2015-08-25 12:48:48', ''),
(33, 0, 4, 3, 'DULSEI', 'rani', '65-15-7306921893', '2015-09-30', 100, '', 'dulsierani4441@gmail.com', '2015-08-25 15:51:40', ''),
(34, 0, 4, 3, 'ankita', 'Dwivedi', '91-9953558845', '2015-11-27', 200, '', 'ankita2dwivedi@gmail.com', '2015-08-25 17:10:49', ''),
(35, 0, 4, 3, 'Vanaja', 'sree', '85-12-7396774416', '2015-09-26', 100, '', 'vanaja4566@gmail.com', '2015-08-25 17:25:21', ''),
(36, 0, 4, 3, 'Veer', 'N', '040-9985067860', '2015-11-12', 400, '', 'neetuveer@gmail.com', '2015-09-09 19:44:22', ''),
(37, 0, 4, 1, 'ansh', 'thapliyal', '91-8909090451', '2016-09-16', 250, '', 'anshul_thapliyal@rediffmail.com', '2016-01-19 19:19:28', ''),
(38, 0, 3, 1, 'Nikhil', 'shah', '91-9876543210', '2016-12-18', 600, '', 'nikhils919@yahoo.in', '2016-05-05 16:46:42', ''),
(39, 0, 2, 3, 'nehal ', 'Navande', '091-9960352864', '2016-07-07', 500, '', 'nehalnavande@gmail.com', '2016-05-11 20:00:34', '');

-- --------------------------------------------------------

--
-- Table structure for table `package_master`
--

CREATE TABLE IF NOT EXISTS `package_master` (
  `id` int(11) NOT NULL AUTO_INCREMENT,
  `package_name` varchar(255) NOT NULL,
  `description` text NOT NULL,
  PRIMARY KEY (`id`)
) ENGINE=InnoDB  DEFAULT CHARSET=latin1 AUTO_INCREMENT=5 ;

--
-- Dumping data for table `package_master`
--

INSERT INTO `package_master` (`id`, `package_name`, `description`) VALUES
(1, 'Platinum', '2-day themed celebrations\r\nCustomized wedding invites\r\nExclusive decorations and floral arrangements\r\n2 nights stay in one of our designer suites with complimentary breakfasts\r\nComplimentary parking for 20% of guaranteed attendance and 6 VIP parking lots\r\n'),
(2, 'Gold', '2-day themed celebrations\r\nCustomized wedding invites\r\nExclusive decorations and floral arrangements\r\n2 nights stay in one of our designer suites with complimentary breakfasts\r\nComplimentary parking for 20% of guaranteed attendance and 6 VIP parking lots\r\n'),
(3, 'Silver', '2-day themed celebrations\r\nCustomized wedding invites\r\nExclusive decorations and floral arrangements\r\n2 nights stay in one of our designer suites with complimentary breakfasts\r\nComplimentary parking for 20% of guaranteed attendance and 6 VIP parking lots\r\n'),
(4, 'Bronze', '2-day themed celebrations\r\nCustomized wedding invites\r\nExclusive decorations and floral arrangements\r\n2 nights stay in one of our designer suites with complimentary breakfasts\r\nComplimentary parking for 20% of guaranteed attendance and 6 VIP parking lots\r\n');

-- --------------------------------------------------------

--
-- Table structure for table `planner_details`
--

CREATE TABLE IF NOT EXISTS `planner_details` (
  `id` int(11) NOT NULL AUTO_INCREMENT,
  `user_id` int(11) NOT NULL,
  `groomPhoto` varchar(255) NOT NULL,
  `groomThumbPhoto` varchar(255) NOT NULL,
  `bridePhoto` varchar(255) NOT NULL,
  `brideThumbPhoto` varchar(255) NOT NULL,
  `groom_name` varchar(50) NOT NULL,
  `bride_name` varchar(50) NOT NULL,
  `event_date` varchar(50) NOT NULL,
  `no_guests` int(5) NOT NULL,
  `current_hotel_id` int(11) NOT NULL,
  `current_hotel_photo` varchar(255) NOT NULL,
  `current_venue_option` varchar(255) NOT NULL,
  `current_hotel_name` varchar(255) NOT NULL,
  `venue_suggestion` text NOT NULL,
  `current_tradition_photo` varchar(255) NOT NULL,
  `current_tradition_type` varchar(255) NOT NULL,
  `tradition_suggestion` text NOT NULL,
  `current_event_photos` text NOT NULL,
  `current_event_names` varchar(255) NOT NULL,
  `current_event_date` varchar(255) NOT NULL,
  `current_event_time` varchar(255) NOT NULL,
  `current_event_key` varchar(255) NOT NULL,
  `event_other` varchar(255) NOT NULL,
  `event_hotel` text NOT NULL,
  `event_theme` text NOT NULL,
  `event_date_other` varchar(255) NOT NULL,
  `event_time_other` varchar(255) NOT NULL,
  `event_suggestion` text NOT NULL,
  `current_theme_photo` varchar(255) NOT NULL,
  `current_theme_name` varchar(255) NOT NULL,
  `theme_suggestion` text NOT NULL,
  `current_cuisine_photo` varchar(255) NOT NULL,
  `current_cuisine_name` varchar(255) NOT NULL,
  `cuisine_suggestion` text NOT NULL,
  `name` varchar(255) NOT NULL,
  `email` varchar(255) NOT NULL,
  `contact_no` varchar(255) NOT NULL,
  `planner_url_id` varchar(255) NOT NULL,
  `created_on` timestamp NOT NULL DEFAULT CURRENT_TIMESTAMP ON UPDATE CURRENT_TIMESTAMP,
  PRIMARY KEY (`id`),
  KEY `user_id` (`user_id`)
) ENGINE=MyISAM  DEFAULT CHARSET=latin1 AUTO_INCREMENT=95 ;

--
-- Dumping data for table `planner_details`
--

INSERT INTO `planner_details` (`id`, `user_id`, `groomPhoto`, `groomThumbPhoto`, `bridePhoto`, `brideThumbPhoto`, `groom_name`, `bride_name`, `event_date`, `no_guests`, `current_hotel_id`, `current_hotel_photo`, `current_venue_option`, `current_hotel_name`, `venue_suggestion`, `current_tradition_photo`, `current_tradition_type`, `tradition_suggestion`, `current_event_photos`, `current_event_names`, `current_event_date`, `current_event_time`, `current_event_key`, `event_other`, `event_hotel`, `event_theme`, `event_date_other`, `event_time_other`, `event_suggestion`, `current_theme_photo`, `current_theme_name`, `theme_suggestion`, `current_cuisine_photo`, `current_cuisine_name`, `cuisine_suggestion`, `name`, `email`, `contact_no`, `planner_url_id`, `created_on`) VALUES
(1, 1, 'uploads/1415679973-320690207.jpg\r\n', 'uploads/thumb_image/1415679973-320690207.jpg', 'uploads/1415679994-698225617.jpg\r\n', 'uploads/thumb_image/1415679994-698225617.jpg', 'raja', 'Rani', '11/12/2014', 12, 1, 'images/wedding-planner/venues/mumbai-jw-marriott.jpg', 'Venue for wedding', 'JW Marriott - Mumbai', '', 'images/wedding-planner/tradition/sindhi.jpg', 'Sindhi', '', ',,images/wedding-planner/events/sangeet-tilak.jpg,,,,images/wedding-planner/events/other.jpg', ',,Sangeet,,,', ',,11/12/2014,,,', ',,8:00 AM,,,', '2', 'Other event', '', '', '', '', '', 'images/wedding-planner/theme/floral.jpg', 'Floral Theme', '', 'images/wedding-planner/cuisine/italian.jpg', 'Italian', '', 'ajoydhas', 'ajoydhas@gmail.com', '9444351194', 'MUBAQDE=', '2014-11-11 05:27:39'),
(2, 1, 'uploads/1415679973-320690207.jpg\r\n', 'uploads/thumb_image/1415679973-320690207.jpg', 'uploads/1415679994-698225617.jpg\r\n', 'uploads/thumb_image/1415679994-698225617.jpg', 'raja', 'Rani', '11/12/2014', 12, 1, 'images/wedding-planner/venues/mumbai-jw-marriott.jpg', 'Venue for wedding', 'JW Marriott - Mumbai', '', 'images/wedding-planner/tradition/sindhi.jpg', 'Sindhi', '', ',,images/wedding-planner/events/sangeet-tilak.jpg,,,,images/wedding-planner/events/other.jpg', ',,Sangeet,,,', ',,11/12/2014,,,', ',,8:00 AM,,,', '2', 'Other event', '', '', '', '', '', 'images/wedding-planner/theme/floral.jpg', 'Floral Theme', '', 'images/wedding-planner/cuisine/italian.jpg', 'Italian', '', 'ajoydhas', 'ajoydhas@gmail.com', '9444351194', 'MUBAQDI=', '2014-11-11 05:48:31'),
(3, 1, 'uploads/1415679973-320690207.jpg\r\n', 'uploads/thumb_image/1415679973-320690207.jpg', 'uploads/1415679994-698225617.jpg\r\n', 'uploads/thumb_image/1415679994-698225617.jpg', 'raja', 'Rani', '11/12/2014', 12, 1, 'images/wedding-planner/venues/mumbai-jw-marriott.jpg', 'Venue for wedding', 'JW Marriott - Mumbai', '', 'images/wedding-planner/tradition/sindhi.jpg', 'Sindhi', '', ',,images/wedding-planner/events/sangeet-tilak.jpg,,,,images/wedding-planner/events/other.jpg', ',,Sangeet,,,', ',,11/12/2014,,,', ',,8:00 AM,,,', '2', 'Other event', '', '', '', '', '', 'images/wedding-planner/theme/floral.jpg', 'Floral Theme', '', 'images/wedding-planner/cuisine/italian.jpg', 'Italian', '', 'ajoydhas', 'ajoydhas@gmail.com', '9444351194', 'MUBAQDM=', '2014-11-11 06:12:56'),
(4, 1, 'uploads/1415679973-320690207.jpg\r\n', 'uploads/thumb_image/1415679973-320690207.jpg', 'uploads/1415679994-698225617.jpg\r\n', 'uploads/thumb_image/1415679994-698225617.jpg', 'raja', 'Rani', '11/12/2014', 12, 1, 'images/wedding-planner/venues/mumbai-jw-marriott.jpg', 'Venue for wedding', 'JW Marriott - Mumbai', '', 'images/wedding-planner/tradition/sindhi.jpg', 'Sindhi', '', ',,images/wedding-planner/events/sangeet-tilak.jpg,,,,images/wedding-planner/events/other.jpg', ',,Sangeet,,,', ',,11/12/2014,,,', ',,8:00 AM,,,', '2', 'Other event', '', '', '', '', '', 'images/wedding-planner/theme/floral.jpg', 'Floral Theme', '', 'images/wedding-planner/cuisine/italian.jpg', 'Italian', '', 'ajoydhas', 'ajoydhas@gmail.com', '9444351194', 'MUBAQDQ=', '2014-11-11 06:15:35'),
(5, 1, 'uploads/1418274413-238616245.jpg\r\n', 'uploads/thumb_image/1418274413-238616245.jpg', 'uploads/1418274438-2012316063.jpg\r\n', 'uploads/thumb_image/1418274438-2012316063.jpg', 'bride', 'groom', '12/17/2014', 4, 5, 'images/wedding-planner/venues/pune-courtyard-chakan.jpg', 'Venue for wedding', 'Courtyard Chakan - Pune', '', 'images/wedding-planner/tradition/gujarati.jpg', 'Gujarati', '', 'images/wedding-planner/events/engagement.jpg,,,,,,images/wedding-planner/events/other.jpg', 'Engagement,,,,,', '12/19/2014,,,,,', '7:50 AM,,,,,', '0', 'Other event', '', '', '', '', '', 'images/wedding-planner/theme/light.jpg', 'Light theme', '', 'images/wedding-planner/cuisine/italian.jpg', 'Italian', '', 'ajoydhas', 'aajoydhas@interaktmail.com', '1234567890', 'MUBAQDU=', '2014-12-11 05:10:29'),
(6, 4, 'uploads/groom_default_big.png', 'uploads/groom_default_thumb.png', 'uploads/bride_default_big.png', 'uploads/bride_default_thumb.png', 'Karthik', 'Sridevi', '01/23/2015', 100, 4, 'images/wedding-planner/venues/pune-jw-marriott.jpg', 'Venue for wedding', 'JW Marriott - Pune', '', 'images/wedding-planner/tradition/other.jpg', 'Tamil', '', 'images/wedding-planner/events/engagement.jpg,,,,,,images/wedding-planner/events/other.jpg', 'Engagement,,,,,', '01/22/2015,,,,,', '7:00 PM,,,,,', '0', 'Other event', '', '', '', '', '', 'images/wedding-planner/theme/other.jpg', 'Romantic', '', 'images/wedding-planner/cuisine/other.jpg', 'South Indian', '', 'Karthik', 'rkarthik@interaktco.com', '9876543210', 'NEBAQDY=', '2015-01-22 05:33:25'),
(7, 10, 'uploads/groom_default_big.png', 'uploads/groom_default_thumb.png', 'uploads/bride_default_big.png', 'uploads/bride_default_thumb.png', 'Karthik R', 'Bindu', '02/24/2015', 3210, 13, 'images/wedding-planner/venues/chandigarh-jw-marriott.jpg', 'Venue for wedding + Rooms', 'JW Marriott - Chandigarh', '', 'images/wedding-planner/tradition/punjabi.jpg', 'Punjabi', '', 'images/wedding-planner/events/engagement.jpg,images/wedding-planner/events/mehndi.jpg,,,,,images/wedding-planner/events/other.jpg', 'Engagement,Mehndi,,,,', '02/23/2015,02/25/2015,,,,', '7:00 AM,12:40 AM,,,,', '0,1', 'Other event', '', '', '', '', '', 'images/wedding-planner/theme/other.jpg', 'Moroccan/ Arabian/ Roman/ Egyptian', '', 'images/wedding-planner/cuisine/other.jpg', 'Oriental', '', 'karthik', 'rkarthik@interaktmail.com', '9840889177', 'MTBAQEA3', '2015-02-23 11:05:51'),
(8, 11, 'uploads/resize_image/1424753969-1428346325.jpg', 'uploads/thumb_image/1424753969-1428346325.jpg', 'uploads/resize_image/1424754036-2147367653.jpg', 'uploads/thumb_image/1424754036-2147367653.jpg', 'Sourav', 'Luxmy', '05/01/2015', 200, 7, 'images/wedding-planner/venues/delhi-jw-marriott-aerocity.jpg', 'Venue for wedding', 'JW Marriott New Delhi Aerocity - Delhi', 'Venue should be spic n span!', 'images/wedding-planner/tradition/marwari.jpg', 'Bengali', 'Traditional Bengali wedding', ',,,,,images/wedding-planner/events/reception.jpg,images/wedding-planner/events/other.jpg', ',,,,,Reception', ',,,,,05/01/2015', ',,,,,8:00 PM', '5', 'Other event', '', '', '', '', 'This is the main wedding', 'images/wedding-planner/theme/colour.jpg', 'Colour based theme', 'Full of colors!', 'images/wedding-planner/cuisine/indian.jpg', 'Indian', 'Spicy cauldron of Indian spices!', 'Sourav', 'bsourav@interaktmail.com', '9840613069', 'MTFAQEA4', '2015-02-24 05:04:51'),
(9, 8, 'uploads/groom_default_big.png', 'uploads/groom_default_thumb.png', 'uploads/bride_default_big.png', 'uploads/bride_default_thumb.png', 'Prasad', 'Snigdha', '03/25/2015', 250, 1, 'images/wedding-planner/venues/mumbai-jw-marriott.jpg', 'Venue for wedding', 'JW Marriott - Mumbai', 'test', 'images/wedding-planner/tradition/marwari.jpg', 'Bengali', '', ',,,,,images/wedding-planner/events/reception.jpg,images/wedding-planner/events/other.jpg', ',,,,,Reception', ',,,,,03/11/2015', ',,,,,7:30 AM', '5', 'Other event', '', '', '', '', '', 'images/wedding-planner/theme/floral.jpg', 'Floral Theme', '', 'images/wedding-planner/cuisine/mughlai.jpg', 'Mughlai', '', 'Prasad', 'pprasadiyer@gmail.com', '9833911207', 'OEBAQDk=', '2015-02-25 05:34:24'),
(10, 8, 'uploads/groom_default_big.png', 'uploads/groom_default_thumb.png', 'uploads/bride_default_big.png', 'uploads/bride_default_thumb.png', 'Mithun ', 'Abhilasha', '09/26/2015', 150, 1, 'images/wedding-planner/venues/mumbai-jw-marriott.jpg', 'Venue for wedding', 'JW Marriott - Mumbai', '', 'images/wedding-planner/tradition/gujarati.jpg', 'Gujarati', '', 'images/wedding-planner/events/engagement.jpg,,,,,,images/wedding-planner/events/other.jpg', 'Engagement,,,,,', '09/26/2015,,,,,', '8:00 PM,,,,,', '0', 'Other event', '', '', '', '', '', 'images/wedding-planner/theme/colour.jpg', 'Colour based theme', '', 'images/wedding-planner/cuisine/indian.jpg', 'Indian', '', 'Prasad', 'pprasadiyer@gmail.com', '9819233993', 'OEBAQDEw', '2015-02-25 05:53:28'),
(11, 14, 'uploads/groom_default_big.png', 'uploads/groom_default_thumb.png', 'uploads/bride_default_big.png', 'uploads/bride_default_thumb.png', 'Mohamed', 'aaaa', '02/28/2015', 3, 2, 'images/wedding-planner/venues/mumbai-renaissance.jpg', 'Venue for wedding', 'Renaissance - Mumbai', '', 'images/wedding-planner/tradition/muslims.jpg', 'Muslims', '', ',images/wedding-planner/events/mehndi.jpg,,,,,images/wedding-planner/events/other.jpg', ',Mehndi,,,,', ',02/28/2015,,,,', ',8:45 AM,,,,', '1', 'Other event', '', '', '', '', '', 'images/wedding-planner/theme/colour.jpg', 'Colour based theme', '', 'images/wedding-planner/cuisine/thai.jpg', 'Thai', '', 'Mohamed', 'smusammil@interaktco.com', '919840889177', 'MTRAQEAxMQ==', '2015-02-25 06:55:36'),
(12, 15, 'uploads/groom_default_big.png', 'uploads/groom_default_thumb.png', 'uploads/bride_default_big.png', 'uploads/bride_default_thumb.png', 'Musammil', 'msddf', '03/28/2015', 4, 2, 'images/wedding-planner/venues/mumbai-renaissance.jpg', 'Venue for wedding', 'Renaissance - Mumbai', '', 'images/wedding-planner/tradition/muslims.jpg', 'Muslims', '', ',images/wedding-planner/events/mehndi.jpg,,,,,images/wedding-planner/events/other.jpg', ',Mehndi,,,,', ',03/27/2015,,,,', ',8:00 AM,,,,', '1', 'Other event', '', '', '', '', '', 'images/wedding-planner/theme/colour.jpg', 'Colour based theme', '', 'images/wedding-planner/cuisine/mughlai.jpg', 'Mughlai', '', 'Mohamed', 'mohamed.musammil@gmail.com', '9003060088', 'MTVAQEAxMg==', '2015-03-02 11:52:12'),
(13, 15, 'uploads/groom_default_big.png', 'uploads/groom_default_thumb.png', 'uploads/bride_default_big.png', 'uploads/bride_default_thumb.png', 'sd', 'sdsd', '03/28/2015', 2, 2, 'images/wedding-planner/venues/mumbai-renaissance.jpg', 'Venue for wedding', 'Renaissance - Mumbai', '', 'images/wedding-planner/tradition/muslims.jpg', 'Muslims', '', ',images/wedding-planner/events/mehndi.jpg,,,,,images/wedding-planner/events/other.jpg', ',Mehndi,,,,', ',03/28/2015,,,,', ',12:00 AM,,,,', '1', 'Other event', '', '', '', '', '', 'images/wedding-planner/theme/floral.jpg', 'Floral Theme', '', 'images/wedding-planner/cuisine/mughlai.jpg', 'Mughlai', '', 'Mohamed', 'mohamed.musammil@gmail.com', '9003060088', 'MTVAQEAxMw==', '2015-03-02 11:55:35'),
(14, 15, 'uploads/groom_default_big.png', 'uploads/groom_default_thumb.png', 'uploads/bride_default_big.png', 'uploads/bride_default_thumb.png', 'ddfdf', 'dfdf', '03/28/2015', 5, 2, 'images/wedding-planner/venues/mumbai-renaissance.jpg', 'Venue for wedding', 'Renaissance - Mumbai', '', 'images/wedding-planner/tradition/muslims.jpg', 'Muslims', '', ',images/wedding-planner/events/mehndi.jpg,,,,,images/wedding-planner/events/other.jpg', ',Mehndi,,,,', ',03/20/2015,,,,', ',8:00 AM,,,,', '1', 'Other event', '', '', '', '', '', 'images/wedding-planner/theme/colour.jpg', 'Colour based theme', '', 'images/wedding-planner/cuisine/mughlai.jpg', 'Mughlai', '', 'Mohamed', 'mohamed.musammil@gmail.com', '9003060088', 'MTVAQEAxNA==', '2015-03-02 12:33:07'),
(15, 7, 'uploads/groom_default_big.png', 'uploads/groom_default_thumb.png', 'uploads/bride_default_big.png', 'uploads/bride_default_thumb.png', 'ABC', '!@#', '03/17/2015', 12, 2, 'images/wedding-planner/venues/mumbai-renaissance.jpg', 'Venue for wedding + Rooms', 'Renaissance - Mumbai', '', 'images/wedding-planner/tradition/muslims.jpg', 'Muslims', '', ',images/wedding-planner/events/mehndi.jpg,,,,,images/wedding-planner/events/other.jpg', ',Mehndi,,,,', ',03/11/2015,,,,', ',8:00 AM,,,,', '1', 'Other event', '', '', '', '', '', 'images/wedding-planner/theme/colour.jpg', 'Colour based theme', '', 'images/wedding-planner/cuisine/indian.jpg', 'Indian', '', 'Rekha', 'rekha.dighe@gmail.com', '75123456789', 'N0BAQDE1', '2015-03-03 09:57:59'),
(16, 7, 'uploads/groom_default_big.png', 'uploads/groom_default_thumb.png', 'uploads/bride_default_big.png', 'uploads/bride_default_thumb.png', 'ArunV', 'Harini', '09/20/2015', 123, 10, 'images/wedding-planner/venues/goa-marriott-resort.jpg', 'Venue for wedding', 'Marriott Resort - Goa', '', 'images/wedding-planner/tradition/other.jpg', 'Tamil', '', ',,,,images/wedding-planner/events/muhurtham.jpg,,images/wedding-planner/events/other.jpg', ',,,,Muhurtham,', ',,,,10/20/2015,', ',,,,8:30 AM,', '4', 'Other event', '', '', '', '', '', 'images/wedding-planner/theme/beach.jpg', 'Beach/ Seaside/ Goan', '', 'images/wedding-planner/cuisine/italian.jpg', 'Italian', '', 'Rekha', 'rekha.dighe@gmail.com', '7150987633', 'N0BAQDE2', '2015-03-03 10:16:56'),
(17, 6, 'uploads/groom_default_thumb.png', 'uploads/groom_default_thumb.png', 'uploads/bride_default_thumb.png', 'uploads/bride_default_thumb.png', 'Karthik', 'Sridevi', '03/06/2015', 250, 2, 'images/wedding-planner/venues/mumbai-renaissance.jpg', 'Venue for wedding', 'Renaissance - Mumbai', '', 'images/wedding-planner/tradition/marwari.jpg', 'Bengali', '', 'images/wedding-planner/events/engagement.jpg,images/wedding-planner/events/mehndi.jpg,images/wedding-planner/events/sangeet-tilak.jpg,images/wedding-planner/events/baraat.jpg,,,images/wedding-planner/events/other.jpg', 'Engagement,Mehndi,Sangeet,Baraat,,', '03/09/2015,03/08/2015,03/06/2015,03/07/2015,,', '11:00 PM,10:00 PM,8:00 PM,9:00 PM,,', '0,1,2,3', 'Other event', '', '', '', '', '', 'images/wedding-planner/theme/light.jpg', 'Light theme', '', 'images/wedding-planner/cuisine/thai.jpg', 'Thai', '', 'Karthik', 'int.karthikr1@gmail.com', '9876543210', 'NkBAQDE3', '2015-03-06 11:03:48'),
(18, 7, 'uploads/groom_default_big.png', 'uploads/groom_default_thumb.png', 'uploads/bride_default_big.png', 'uploads/bride_default_thumb.png', 'val', 'velangu', '03/17/2015', 90, 1, 'images/wedding-planner/venues/mumbai-jw-marriott.jpg', 'Venue for wedding', 'JW Marriott - Mumbai', '', 'images/wedding-planner/tradition/catholics.jpg', 'Catholics', '', 'images/wedding-planner/events/engagement.jpg,,,,,,images/wedding-planner/events/other.jpg', 'Engagement,,,,,', '03/17/2015,,,,,', '7:00 AM,,,,,', '0', 'Other event', '', '', '', '', '', 'images/wedding-planner/theme/bollywood.jpg', 'Bollywood/ Movie magic', '', 'images/wedding-planner/cuisine/indian.jpg', 'Indian', '', 'Thyaga', 'thy4g4@gmail.com', '9791131230', 'MTNAQEAxOA==', '2015-05-30 13:52:07'),
(19, 7, 'uploads/groom_default_big.png', 'uploads/groom_default_thumb.png', 'uploads/bride_default_big.png', 'uploads/bride_default_thumb.png', 'raja', 'Rani', '03/17/2015', 90, 1, 'images/wedding-planner/venues/mumbai-jw-marriott.jpg', 'Venue for wedding', 'JW Marriott - Mumbai', '', 'images/wedding-planner/tradition/catholics.jpg', 'Catholics', '', 'images/wedding-planner/events/engagement.jpg,,,,,,images/wedding-planner/events/other.jpg', 'Engagement,,,,,', '03/10/2015,,,,,', '8:00 AM,,,,,', '0', 'Other event', '', '', '', '', '', 'images/wedding-planner/theme/bollywood.jpg', 'Bollywood/ Movie magic', '', 'images/wedding-planner/cuisine/italian.jpg', 'Italian', '', 'Thyaga', 'thy4g4@gmail.com', '9791131230', 'MTNAQEAxOQ==', '2015-05-30 13:52:12'),
(20, 7, 'uploads/groom_default_big.png', 'uploads/groom_default_thumb.png', 'uploads/bride_default_big.png', 'uploads/bride_default_thumb.png', 'raja', 'rani', '03/24/2015', 90, 1, 'images/wedding-planner/venues/mumbai-jw-marriott.jpg', 'Venue for wedding', 'JW Marriott - Mumbai', '', 'images/wedding-planner/tradition/catholics.jpg', 'Catholics', '', 'images/wedding-planner/events/engagement.jpg,,,,,,images/wedding-planner/events/other.jpg', 'Engagement,,,,,', '03/23/2015,,,,,', '3:00 AM,,,,,', '0', 'Other event', '', '', '', '', '', 'images/wedding-planner/theme/bollywood.jpg', 'Bollywood/ Movie magic', '', 'images/wedding-planner/cuisine/thai.jpg', 'Thai', '', 'Thyaga', 'thy4g4@gmail.com', '9791131230', 'MTNAQEAyMA==', '2015-05-30 13:52:16'),
(21, 7, 'uploads/groom_default_big.png', 'uploads/groom_default_thumb.png', 'uploads/bride_default_big.png', 'uploads/bride_default_thumb.png', 'A', 'R', '05/29/2015', 10, 8, 'images/wedding-planner/venues/bengaluru-jw-marriott.jpg', 'Venue for wedding', 'JW Marriott - Bengaluru', '', 'images/wedding-planner/tradition/punjabi.jpg', 'Punjabi', '', 'images/wedding-planner/events/engagement.jpg,,,,,,images/wedding-planner/events/other.jpg', 'Engagement,,,,,', '05/29/2015,,,,,', '7:00 PM,,,,,', '0', 'Other event', '', '', '', '', '', 'images/wedding-planner/theme/beach.jpg', 'Beach/ Seaside/ Goan', '', 'images/wedding-planner/cuisine/indian.jpg', 'Indian', '', 'Rekha', 'rekha.dighe@gmail.com', '7506098737', 'N0BAQDIx', '2015-05-22 07:11:32'),
(22, 20, 'uploads/groom_default_big.png', 'uploads/groom_default_thumb.png', 'uploads/bride_default_big.png', 'uploads/bride_default_thumb.png', 'Karthik', 'Sangeetha', '06/05/2015', 121, 2, 'images/wedding-planner/venues/mumbai-renaissance.jpg', 'Venue for wedding + Rooms', 'Renaissance - Mumbai', '', '', '', '', 'images/wedding-planner/events/muhurtham.jpg,images/wedding-planner/events/other.jpg', 'Muhurtham', '06/05/2015', '7:00 PM', '4', 'Other event', '', '', '', '', '', 'images/wedding-planner/theme/colour.jpg', 'Colour based theme', '', 'images/wedding-planner/cuisine/italian.jpg', 'Italian', '', 'Karthik R', 'rkarthik@interaktco.com', '91-044-9840889177', 'MjBAQEAyMg==', '2015-06-01 10:29:22'),
(23, 8, 'uploads/groom_default_big.png', 'uploads/groom_default_thumb.png', 'uploads/bride_default_big.png', 'uploads/bride_default_thumb.png', 'Prasad', 'Snigdha', '06/26/2015', 200, 10, 'images/wedding-planner/venues/goa-marriott-resort.jpg', 'Venue for wedding', 'Marriott Resort - Goa', '', '', '', '', 'images/wedding-planner/events/sangeet-tilak.jpg,images/wedding-planner/events/other.jpg', 'Sangeet', '06/12/2015', '7:00 PM', '2', 'Other event', '', '', '', '', '', 'images/wedding-planner/theme/beach.jpg', 'Beach/ Seaside/ Goan', '', 'images/wedding-planner/cuisine/mediterranean.jpg', 'Mediterranean', '', 'Test', 'pprasadiyer@gmail.com', '9833911207', 'OEBAQDIz', '2015-06-04 16:50:49'),
(24, 21, 'uploads/groom_default_big.png', 'uploads/groom_default_thumb.png', 'uploads/bride_default_big.png', 'uploads/bride_default_thumb.png', 'Prasad', 'Snigdha', '06/25/2015', 300, 10, 'images/wedding-planner/venues/goa-marriott-resort.jpg', 'Venue for wedding', 'Marriott Resort - Goa', '', '', '', '', 'images/wedding-planner/events/sangeet-tilak.jpg,images/wedding-planner/events/reception.jpg,images/wedding-planner/events/other.jpg', 'Sangeet,Reception', '06/25/2015,06/26/2015', '7:00 PM,7:30 PM', '2,5', 'Other event', '', '', '', '', '', 'images/wedding-planner/theme/beach.jpg', 'Beach/ Seaside/ Goan', '', 'images/wedding-planner/cuisine/mediterranean.jpg', 'Mediterranean', '', 'Prasad Iyer', 'prasad.iyer@marriott.com', '91-22-9833911207', 'MjFAQEAyNA==', '2015-06-05 11:37:02'),
(25, 19, 'uploads/groom_default_big.png', 'uploads/groom_default_thumb.png', 'uploads/bride_default_big.png', 'uploads/bride_default_thumb.png', 'test Groo', 'test_brid', '06/23/2015', 123, 14, 'images/wedding-planner/venues/mumbai-sahar.jpg', 'Venue for wedding + Rooms', 'JW Marriott Sahar - Mumbai', '', '', '', '', 'images/wedding-planner/events/sangeet-tilak.jpg,images/wedding-planner/events/reception.jpg,images/wedding-planner/events/other.jpg', 'Sangeet,Reception', '06/22/2015,06/15/2015', '2:00 AM,6:00 AM', '2,5', 'Other event', '', '', '', '', '', 'images/wedding-planner/theme/beach.jpg', 'Beach/ Seaside/ Goan', '', 'images/wedding-planner/cuisine/mughlai.jpg', 'Mughlai', '', 'Sajan Mahendra', 'itssajan@gmail.com', '91-9895341410', 'MTlAQEAyNQ==', '2015-06-09 12:49:38'),
(26, 19, 'uploads/groom_default_big.png', 'uploads/groom_default_thumb.png', 'uploads/bride_default_big.png', 'uploads/bride_default_thumb.png', 'test Groo', 'test_brid', '06/23/2015', 123, 14, 'images/wedding-planner/venues/mumbai-sahar.jpg', 'Venue for wedding + Rooms', 'JW Marriott Sahar - Mumbai', '', '', '', '', 'images/wedding-planner/events/sangeet-tilak.jpg,images/wedding-planner/events/reception.jpg,images/wedding-planner/events/other.jpg', 'Sangeet,Reception', '06/22/2015,06/15/2015', '2:00 AM,6:00 AM', '2,5', 'Other event', '', '', '', '', '', 'images/wedding-planner/theme/beach.jpg', 'Beach/ Seaside/ Goan', '', 'images/wedding-planner/cuisine/mughlai.jpg', 'Mughlai', '', 'Sajan Mahendra', 'itssajan@gmail.com', '91-9895341410', 'MTlAQEAyNg==', '2015-06-09 14:03:17'),
(27, 19, 'uploads/groom_default_big.png', 'uploads/groom_default_thumb.png', 'uploads/bride_default_big.png', 'uploads/bride_default_thumb.png', 'test', 'test1', '06/23/2015', 123, 14, 'images/wedding-planner/venues/mumbai-sahar.jpg', 'Venue for wedding + Rooms', 'JW Marriott Sahar - Mumbai', '', '', '', '', 'images/wedding-planner/events/mehndi.jpg,images/wedding-planner/events/other.jpg', 'Mehndi', '06/16/2015', '7:00 AM', '1', 'Other event', '', '', '', '', '', 'images/wedding-planner/theme/beach.jpg', 'Beach/ Seaside/ Goan', '', 'images/wedding-planner/cuisine/mughlai.jpg', 'Mughlai', '', 'Test', 'itssajan@gmail.com', '91-9447966886', 'MTlAQEAyNw==', '2015-06-09 15:00:28'),
(28, 25, 'uploads/groom_default_big.png', 'uploads/groom_default_thumb.png', 'uploads/bride_default_big.png', 'uploads/bride_default_thumb.png', 'Ankit', 'Divya', '02/25/2016', 150, 4, 'images/wedding-planner/venues/pune-jw-marriott.jpg', 'Venue for wedding + Rooms', 'JW Marriott - Pune', '', '', '', '', 'images/wedding-planner/events/engagement.jpg,images/wedding-planner/events/other.jpg', 'Engagement', '02/25/2016', '1:00 PM', '0', 'Other event', '', '', '', '', '', 'images/wedding-planner/theme/bollywood.jpg', 'Bollywood/ Movie magic', '', 'images/wedding-planner/cuisine/italian.jpg', 'Italian', '', 'Karan Bhagia', 'karan.bhagia@gmail.com', '+919833318088', 'MjVAQEAyOA==', '2015-06-12 11:26:13'),
(29, 20, 'uploads/groom_default_big.png', 'uploads/groom_default_thumb.png', 'uploads/bride_default_big.png', 'uploads/bride_default_thumb.png', 'Karthik', 'Hema', '06/18/2015', 23, 14, 'images/wedding-planner/venues/mumbai-sahar.jpg', 'Venue for wedding', 'JW Marriott Sahar - Mumbai', '', '', '', '', 'images/wedding-planner/events/mehndi.jpg,images/wedding-planner/events/other.jpg', 'Mehndi', '06/18/2015', '3:00 AM', '1', 'Other event', '', '', '', '', '', 'images/wedding-planner/theme/colour.jpg', 'Colour based theme', '', 'images/wedding-planner/cuisine/italian.jpg', 'Italian', '', 'Karthik R', 'rkarthik@interaktco.com', '91-044-9840889177', 'MjBAQEAyOQ==', '2015-06-18 12:51:21'),
(30, 19, 'uploads/groom_default_big.png', 'uploads/groom_default_thumb.png', 'uploads/bride_default_big.png', 'uploads/bride_default_thumb.png', 'test', 'test', '06/23/2015', 123, 2, 'images/wedding-planner/venues/mumbai-renaissance.jpg', 'Venue for wedding + Rooms', 'Renaissance - Mumbai', '', '', '', '', 'images/wedding-planner/events/mehndi.jpg,images/wedding-planner/events/other.jpg', 'Mehndi', '06/22/2015', '7:00 AM', '1', 'Other event', '', '', '', '', '', 'images/wedding-planner/theme/floral.jpg', 'Floral Theme', '', 'images/wedding-planner/cuisine/italian.jpg', 'Italian', '', 'Sajan Mahendra', 'itssajan@gmail.com', '91-9895341410', 'MTlAQEAzMA==', '2015-06-18 16:40:11'),
(31, 19, 'uploads/groom_default_big.png', 'uploads/groom_default_thumb.png', 'uploads/bride_default_big.png', 'uploads/bride_default_thumb.png', 'test', 'test', '06/23/2015', 123, 2, 'images/wedding-planner/venues/mumbai-renaissance.jpg', 'Venue for wedding + Rooms', 'Renaissance - Mumbai', '', '', '', '', 'images/wedding-planner/events/mehndi.jpg,images/wedding-planner/events/other.jpg', 'Mehndi', '06/22/2015', '7:00 AM', '1', 'Other event', '', '', '', '', '', 'images/wedding-planner/theme/floral.jpg', 'Floral Theme', '', 'images/wedding-planner/cuisine/italian.jpg', 'Italian', '', 'Sajan Mahendra', 'itssajan@gmail.com', '91-9895341410', 'MTlAQEAzMQ==', '2015-06-18 17:02:39'),
(32, 19, 'uploads/groom_default_big.png', 'uploads/groom_default_thumb.png', 'uploads/bride_default_big.png', 'uploads/bride_default_thumb.png', 'Balaji', 'Hema', '06/23/2015', 500, 14, 'images/wedding-planner/venues/mumbai-sahar.jpg', 'Venue for wedding', 'JW Marriott Sahar - Mumbai', '', '', '', '', 'images/wedding-planner/events/reception.jpg,images/wedding-planner/events/other.jpg', 'Reception', '06/27/2015', '6:30 AM', '5', 'Other event', '', '', '', '', '', 'images/wedding-planner/theme/beach.jpg', 'Beach/ Seaside/ Goan', '', 'images/wedding-planner/cuisine/mughlai.jpg', 'Mughlai', '', 'Sajan Mahendra', 'itssajan@gmail.com', '91-9895341410', 'MTlAQEAzMg==', '2015-06-19 12:23:43'),
(33, 27, 'uploads/groom_default_big.png', 'uploads/groom_default_thumb.png', 'uploads/bride_default_big.png', 'uploads/bride_default_thumb.png', 'Devang', 'Yashashvi', '07/01/2015', 600, 14, 'images/wedding-planner/venues/mumbai-sahar.jpg', 'Venue for wedding', 'JW Marriott Sahar - Mumbai', '', '', '', '', 'images/wedding-planner/events/engagement.jpg,images/wedding-planner/events/mehndi.jpg,images/wedding-planner/events/sangeet-tilak.jpg,images/wedding-planner/events/reception.jpg,images/wedding-planner/events/other.jpg', 'Engagement,Mehndi,Sangeet,Reception', '06/30/2015,06/29/2015,06/30/2015,06/30/2015', '1:05 AM,8:50 AM,12:40 AM,8:45 AM', '0,1,2,5', 'Other event', '', '', '', '', '', 'images/wedding-planner/theme/light.jpg', 'Light theme', '', 'images/wedding-planner/cuisine/mughlai.jpg', 'Mughlai', '', 'Mukarram', 'mukarramtailor.02@gmail.com', '9816923886', 'MjdAQEAzMw==', '2015-06-24 16:29:48'),
(34, 27, 'uploads/groom_default_big.png', 'uploads/groom_default_thumb.png', 'uploads/bride_default_big.png', 'uploads/bride_default_thumb.png', 'mukarram', 'kalpna', '06/29/2015', 200, 2, 'images/wedding-planner/venues/mumbai-renaissance.jpg', 'Venue for wedding + Rooms', 'Renaissance - Mumbai', '', '', '', '', 'images/wedding-planner/events/engagement.jpg,images/wedding-planner/events/mehndi.jpg,images/wedding-planner/events/other.jpg', 'Engagement,Mehndi', '06/30/2015,06/30/2015', '7:25 AM,4:00 AM', '0,1', 'Other event', '', '', '', '', '', 'images/wedding-planner/theme/beach.jpg', 'Beach/ Seaside/ Goan', '', 'images/wedding-planner/cuisine/indian.jpg', 'Indian', '', 'ankush', 'mukarramtailor.02@gmail.com', '4521545252', 'MjdAQEAzNA==', '2015-06-24 19:42:21'),
(35, 34, 'uploads/groom_default_big.png', 'uploads/groom_default_thumb.png', 'uploads/bride_default_big.png', 'uploads/bride_default_thumb.png', 'ghgfh', 'gfddh', '06/30/2015', 100, 18, 'images/wedding-planner/venues/agra-courtyard.jpg', 'Venue for wedding', 'Courtyard by Marriott - Agra', '', '', '', '', 'images/wedding-planner/events/reception.jpg,images/wedding-planner/events/other.jpg', 'Reception', '06/30/2015', '11:00 AM', '5', 'Other event', '', '', '', '', '', 'images/wedding-planner/theme/light.jpg', 'Light theme', '', 'images/wedding-planner/cuisine/indian.jpg', 'Indian', '', 'cdfsrg', 'mohammadabdulbari94@yahoo.com', '7075535889', 'MzRAQEAzNQ==', '2015-06-30 21:14:02'),
(36, 38, 'uploads/groom_default_big.png', 'uploads/groom_default_thumb.png', 'uploads/bride_default_big.png', 'uploads/bride_default_thumb.png', 'JJ', 'RJ', '01/29/2016', 600, 14, 'images/wedding-planner/venues/mumbai-sahar.jpg', 'Venue for wedding + Rooms', 'JW Marriott Sahar - Mumbai', '', '', '', '', 'images/wedding-planner/events/mehndi.jpg,images/wedding-planner/events/sangeet-tilak.jpg,images/wedding-planner/events/baraat.jpg,images/wedding-planner/events/muhurtham.jpg,images/wedding-planner/events/reception.jpg,images/wedding-planner/events/other.jpg', 'Mehndi,Sangeet,Baraat,Muhurtham,Reception', '07/29/2015,07/29/2015,07/29/2015,07/29/2015,07/29/2015', '1:25 PM,1:00 PM,12:00 AM,11:00 AM,11:00 AM', '1,2,3,4,5', 'Other event', '', '', '', '', '', 'images/wedding-planner/theme/floral.jpg', 'Floral Theme', '', 'images/wedding-planner/cuisine/indian.jpg', 'Indian', '', 'Deepak Jain', 'djain4482@gmail.com', '9773145612', 'MzhAQEAzNg==', '2015-07-03 00:32:21'),
(37, 28, 'uploads/groom_default_big.png', 'uploads/groom_default_thumb.png', 'uploads/bride_default_big.png', 'uploads/bride_default_thumb.png', 'Sudhanshu', 'Archana', '02/14/2016', 0, 13, 'images/wedding-planner/venues/chandigarh-jw-marriott.jpg', 'Venue for wedding + Rooms', 'JW Marriott - Chandigarh', 'NA', '', '', '', 'images/wedding-planner/events/engagement.jpg,images/wedding-planner/events/other.jpg', 'Engagement', '02/14/2016', '8:45 PM', '0', 'Other event', '', '', '', '', 'NA', 'images/wedding-planner/theme/floral.jpg', 'Floral Theme', '', 'images/wedding-planner/cuisine/continental.jpg', 'Continental', 'NA', 'Sudhanshu Singh', 'singhs1183@gmail.com', '9473648834', 'MjhAQEAzNw==', '2015-07-04 13:46:00'),
(38, 44, 'uploads/groom_default_big.png', 'uploads/groom_default_thumb.png', 'uploads/bride_default_big.png', 'uploads/bride_default_thumb.png', 'Amit', 'Suhani', '11/21/2015', 200, 16, 'images/wedding-planner/venues/mussoorie-jw-marriott.jpg', 'Venue for wedding + Rooms', 'JW Marriott - Mussoorie', '', '', '', '', 'images/wedding-planner/events/mehndi.jpg,images/wedding-planner/events/baraat.jpg,images/wedding-planner/events/muhurtham.jpg,images/wedding-planner/events/reception.jpg,images/wedding-planner/events/other.jpg', 'Mehndi,Baraat,Muhurtham,Reception', '11/20/2015,11/21/2015,11/21/2015,11/22/2015', '8:00 PM,8:00 PM,11:00 PM,7:00 PM', '1,3,4,5', 'Other event', '', '', '', '', '', 'images/wedding-planner/theme/light.jpg', 'Light theme', '', 'images/wedding-planner/cuisine/indian.jpg', 'Indian', '', 'Pankaj Mathur', 'mpankaj@outlook.com', '9810608625', 'NDRAQEAzOA==', '2015-07-06 16:55:03'),
(39, 35, 'uploads/groom_default_big.png', 'uploads/groom_default_thumb.png', 'uploads/bride_default_big.png', 'uploads/bride_default_thumb.png', 'rahul', 'pragati', '07/30/2015', 300, 16, 'images/wedding-planner/venues/mussoorie-jw-marriott.jpg', 'Venue for wedding + Rooms', 'JW Marriott - Mussoorie', '', '', '', '', 'images/wedding-planner/events/sangeet-tilak.jpg,images/wedding-planner/events/baraat.jpg,images/wedding-planner/events/muhurtham.jpg,images/wedding-planner/events/other.jpg', 'Sangeet,Baraat,Muhurtham', '07/29/2015,07/30/2015,07/31/2015', '7:00 PM,8:20 AM,1:00 AM', '2,3,4', 'Other event', '', '', '', '', '', 'images/wedding-planner/theme/beach.jpg', 'Beach/ Seaside/ Goan', '', 'images/wedding-planner/cuisine/indian.jpg', 'Indian', 'italian plus indian plus continental', 'Vishwanath Jaiswal', 'piyushjaiswal2006@gmail.com', '7503193024', 'MzVAQEAzOQ==', '2015-07-07 14:06:42'),
(40, 46, 'uploads/groom_default_big.png', 'uploads/groom_default_thumb.png', 'uploads/bride_default_big.png', 'uploads/bride_default_thumb.png', 'ROHAN', 'SHWETA', '03/16/2017', 150, 2, 'images/wedding-planner/venues/mumbai-renaissance.jpg', 'Venue for wedding + Rooms', 'Renaissance - Mumbai', '', '', '', '', 'images/wedding-planner/events/engagement.jpg,images/wedding-planner/events/other.jpg', 'Engagement', '12/05/2015', '10:00 AM', '0', 'Other event', '', '', '', '', '', 'images/wedding-planner/theme/beach.jpg', 'Beach/ Seaside/ Goan', '', 'images/wedding-planner/cuisine/indian.jpg', 'Indian', '', 'Rohan', 'workoholic87@gmail.com', '9820512351', 'NDZAQEA0MA==', '2015-07-07 18:25:39'),
(41, 36, 'uploads/groom_default_big.png', 'uploads/groom_default_thumb.png', 'uploads/bride_default_big.png', 'uploads/bride_default_thumb.png', 'abhinav', 'unkown', '07/30/2015', 1000, 7, 'images/wedding-planner/venues/delhi-jw-marriott-aerocity.jpg', 'Venue for wedding + Rooms', 'JW Marriott New Delhi Aerocity - Delhi', 'fully expensive', '', '', '', 'images/wedding-planner/events/engagement.jpg,images/wedding-planner/events/mehndi.jpg,images/wedding-planner/events/sangeet-tilak.jpg,images/wedding-planner/events/baraat.jpg,images/wedding-planner/events/reception.jpg,images/wedding-planner/events/other.jpg', 'Engagement,Mehndi,Sangeet,Baraat,Reception', '07/28/2015,07/29/2015,07/29/2015,07/31/2015,08/01/2015', '6:00 PM,7:00 PM,9:00 PM,4:00 PM,3:00 PM', '0,1,2,3,5', 'Other event', '', '', '', '', '', 'images/wedding-planner/theme/colour.jpg', 'Colour based theme', '', 'images/wedding-planner/cuisine/indian.jpg', 'Indian', '', 'Abhinva Rajuya', 'abhipid@gmail.com', '+911234567890', 'MzZAQEA0MQ==', '2015-07-08 16:00:02'),
(42, 47, 'uploads/groom_default_big.png', 'uploads/groom_default_thumb.png', 'uploads/bride_default_big.png', 'uploads/bride_default_thumb.png', 'clem', 'pra', '08/22/2015', 170, 7, 'images/wedding-planner/venues/delhi-jw-marriott-aerocity.jpg', 'Venue for wedding', 'JW Marriott New Delhi Aerocity - Delhi', '', '', '', '', 'images/wedding-planner/events/reception.jpg,images/wedding-planner/events/other.jpg', 'Reception', '07/22/2015', '8:00 PM', '5', 'Other event', '', '', '', '', '', 'images/wedding-planner/theme/other.jpg', 'East meets West', 'We are looking for a minimalist arrangement in subtle pastel colours and warm lighting', 'images/wedding-planner/cuisine/indian.jpg', 'Indian', 'A mix of European and Indian cuisine (or fusion)', 'Prashansa', 'poddarprashansa@gmail.com', '9654698086', 'NDdAQEA0Mg==', '2015-07-09 14:32:54'),
(43, 42, 'uploads/groom_default_thumb.png', 'uploads/groom_default_thumb.png', 'uploads/bride_default_thumb.png', 'uploads/bride_default_thumb.png', 'Vb', 'Vv', '02/28/2016', 150, 18, 'images/wedding-planner/venues/agra-courtyard.jpg', 'Venue for wedding + Rooms', 'Courtyard by Marriott - Agra', '', '', '', '', 'images/wedding-planner/events/muhurtham.jpg,images/wedding-planner/events/other.jpg', 'Muhurtham', '11/05/2015', '12:00 PM', '4', 'Other event', '', '', '', '', '', 'images/wedding-planner/theme/beach.jpg', 'Beach/ Seaside/ Goan', '', 'images/wedding-planner/cuisine/italian.jpg', 'Italian', '', 'Arshiya Bagga', 'Arshiyabagga77@gmail.com', '9465640040', 'NDJAQEA0Mw==', '2015-07-23 14:51:18'),
(44, 46, 'uploads/groom_default_big.png', 'uploads/groom_default_thumb.png', 'uploads/bride_default_big.png', 'uploads/bride_default_thumb.png', 'vivek', 'sneha', '11/25/2016', 400, 1, 'images/wedding-planner/venues/mumbai-jw-marriott.jpg', 'Venue for wedding', 'JW Marriott - Mumbai', '', '', '', '', 'images/wedding-planner/events/baraat.jpg,images/wedding-planner/events/muhurtham.jpg,images/wedding-planner/events/reception.jpg,images/wedding-planner/events/other.jpg', 'Baraat,Muhurtham,Reception', '11/25/2016,11/25/2016,11/25/2016', '4:00 PM,5:00 PM,8:00 PM', '3,4,5', 'Other event', '', '', '', '', '', 'images/wedding-planner/theme/temple.jpg', 'Temple theme', '', 'images/wedding-planner/cuisine/indian.jpg', 'Indian', '', 'Sanjay Tulsyan', 'tulsyansanjay@yahoo.co.in', '9820083405', 'NDZAQEA0NA==', '2015-08-14 13:03:25'),
(45, 60, 'uploads/groom_default_thumb.png', 'uploads/groom_default_thumb.png', 'uploads/bride_default_thumb.png', 'uploads/bride_default_thumb.png', 'Dawood', 'Kausar', '12/26/2015', 1000, 1, 'images/wedding-planner/venues/mumbai-jw-marriott.jpg', 'Venue for wedding', 'JW Marriott - Mumbai', '', '', '', '', 'images/wedding-planner/events/reception.jpg,images/wedding-planner/events/other.jpg', 'Reception', '12/26/2015', '9:00 PM', '5', 'Other event', '', '', '', '', '', 'images/wedding-planner/theme/floral.jpg', 'Floral Theme', '', 'images/wedding-planner/cuisine/indian.jpg', 'Indian', '', 'Kausar Khan', 'khushi_1heart@yahoo.com', '09892990187', 'NjBAQEA0NQ==', '2015-08-14 18:23:24'),
(46, 51, 'uploads/groom_default_thumb.png', 'uploads/groom_default_thumb.png', 'uploads/bride_default_thumb.png', 'uploads/bride_default_thumb.png', 'Rasik', 'sukriti', '02/28/2016', 250, 7, 'images/wedding-planner/venues/delhi-jw-marriott-aerocity.jpg', 'Venue for wedding', 'JW Marriott New Delhi Aerocity - Delhi', 'We want the cost of wedding and dinner party for 250 + guests vegetarian dinner without alcoholic drinks .Total package for 1day and night. What is included&what not.at rajkumar_mehrotra@yahoo.co.in. ', '', '', '', 'images/wedding-planner/events/baraat.jpg,images/wedding-planner/events/reception.jpg,images/wedding-planner/events/other.jpg', 'Baraat,Reception', '02/28/2016,02/28/2016', '9:00 AM,7:00 PM', '3,5', 'Other event', '', '', '', '', '', '', '', '', '', '', '', 'Rajkumar Mehrotra', 'rajkumar_mehrotra@yahoo.co.in', '91-22-9935543560', 'NTFAQEA0Ng==', '2015-08-14 18:32:03'),
(47, 54, 'uploads/groom_default_big.png', 'uploads/groom_default_thumb.png', 'uploads/bride_default_big.png', 'uploads/bride_default_thumb.png', 'Gaurav', 'Divya', '12/28/2015', 500, 4, 'images/wedding-planner/venues/pune-jw-marriott.jpg', 'Venue for wedding + Rooms', 'JW Marriott - Pune', '', '', '', '', 'images/wedding-planner/events/sangeet-tilak.jpg,images/wedding-planner/events/baraat.jpg,images/wedding-planner/events/muhurtham.jpg,images/wedding-planner/events/reception.jpg,images/wedding-planner/events/other.jpg', 'Sangeet,Baraat,Muhurtham,Reception', '08/27/2015,08/28/2015,08/28/2015,08/28/2015', '7:00 PM,4:00 PM,4:30 PM,10:00 PM', '2,3,4,5', 'Other event', '', '', '', '', '', 'images/wedding-planner/theme/other.jpg', 'Royal', '', 'images/wedding-planner/cuisine/indian.jpg', 'Indian', '', 'Bhavesh Choithani', 'bchoithani@yahoo.co.in', '9377101113', 'NTRAQEA0Nw==', '2015-08-15 00:56:40'),
(48, 62, 'RESIZE_IMAGE_PATH1439626464-1671086121.jpg', 'uploads/thumb_image/1439626464-1671086121.jpg', 'uploads/bride_default_thumb.png', 'uploads/bride_default_thumb.png', 'Santosh J', 'Priyanka ', '11/28/2015', 3000, 4, 'images/wedding-planner/venues/pune-jw-marriott.jpg', 'Venue for wedding + Rooms', 'JW Marriott - Pune', '', '', '', '', 'images/wedding-planner/events/baraat.jpg,images/wedding-planner/events/muhurtham.jpg,images/wedding-planner/events/reception.jpg,images/wedding-planner/events/other.jpg', 'Baraat,Muhurtham,Reception', '11/28/2015,11/28/2015,11/28/2015', '5:00 PM,5:40 PM,6:00 PM', '3,4,5', 'Other event', '', '', '', '', '', 'images/wedding-planner/theme/floral.jpg', 'Floral Theme', '', 'images/wedding-planner/cuisine/indian.jpg', 'Indian', '', 'Santosh Jadhav ', 'santosh.jadhav09@gmail.com', '8411985858', 'NjJAQEA0OA==', '2015-08-15 13:52:21'),
(49, 62, 'uploads/groom_default_big.png', 'uploads/groom_default_thumb.png', 'uploads/bride_default_big.png', 'uploads/bride_default_thumb.png', 'parel', 'anjali', '10/12/2015', 250, 8, 'images/wedding-planner/venues/bengaluru-jw-marriott.jpg', 'Venue for wedding + Rooms', 'JW Marriott - Bengaluru', 'good food and accomodation for the guests. ', '', '', '', 'images/wedding-planner/events/engagement.jpg,images/wedding-planner/events/mehndi.jpg,images/wedding-planner/events/sangeet-tilak.jpg,images/wedding-planner/events/baraat.jpg,images/wedding-planner/events/muhurtham.jpg,images/wedding-planner/events/reception.jpg,images/wedding-planner/events/other.jpg', 'Engagement,Mehndi,Sangeet,Baraat,Muhurtham,Reception', '10/08/2015,10/09/2015,10/10/2015,10/11/2015,10/12/2015,10/12/2015', '8:00 PM,7:00 PM,7:00 AM,5:00 AM,10:00 AM,7:00 AM', '0,1,2,3,4,5', 'Other event', '', '', '', '', 'good food', 'images/wedding-planner/theme/temple.jpg', 'Temple theme', 'good food', 'images/wedding-planner/cuisine/indian.jpg', 'Indian', 'raagi mudde', 'Anil kumar Parel', 'anilkumar.parel@yahoo.com', '8123386086', 'NjJAQEA0OQ==', '2015-08-17 18:15:18'),
(50, 73, 'uploads/groom_default_thumb.png', 'uploads/groom_default_thumb.png', 'uploads/bride_default_thumb.png', 'uploads/bride_default_thumb.png', 'Anoop', 'Aneesha', '05/05/2016', 50, 10, 'images/wedding-planner/venues/goa-marriott-resort.jpg', 'Venue for wedding', 'Marriott Resort - Goa', '', '', '', '', 'images/wedding-planner/events/engagement.jpg,images/wedding-planner/events/mehndi.jpg,images/wedding-planner/events/sangeet-tilak.jpg,images/wedding-planner/events/baraat.jpg,images/wedding-planner/events/muhurtham.jpg,images/wedding-planner/events/reception.jpg,images/wedding-planner/events/other.jpg', 'Engagement,Mehndi,Sangeet,Baraat,Muhurtham,Reception', '05/01/2016,05/02/2016,05/03/2016,05/04/2016,05/05/2016,05/06/2016', '8:00 PM,8:00 PM,8:00 AM,8:00 PM,8:00 PM,7:00 PM', '0,1,2,3,4,5', 'Other event', '', '', '', '', '', '', '', '', '', '', '', 'Anoop Bellam', 'anoop.bellam44@gmail.com', '8008266863', 'NzNAQEA1MA==', '2015-08-20 07:54:56'),
(51, 73, 'uploads/groom_default_thumb.png', 'uploads/groom_default_thumb.png', 'uploads/bride_default_thumb.png', 'uploads/bride_default_thumb.png', 'Anoop', 'Aneesha', '05/05/2016', 50, 10, 'images/wedding-planner/venues/goa-marriott-resort.jpg', 'Venue for wedding', 'Marriott Resort - Goa', '', '', '', '', 'images/wedding-planner/events/engagement.jpg,images/wedding-planner/events/mehndi.jpg,images/wedding-planner/events/sangeet-tilak.jpg,images/wedding-planner/events/baraat.jpg,images/wedding-planner/events/muhurtham.jpg,images/wedding-planner/events/reception.jpg,images/wedding-planner/events/other.jpg', 'Engagement,Mehndi,Sangeet,Baraat,Muhurtham,Reception', '05/01/2016,05/02/2016,05/03/2016,05/04/2016,05/05/2016,05/06/2016', '8:00 PM,8:00 PM,8:00 AM,8:00 PM,8:00 PM,7:00 PM', '0,1,2,3,4,5', 'Other event', '', '', '', '', '', '', '', '', '', '', '', 'Anoop Bellam', 'anoop.bellam44@gmail.com', '8008266863', 'NzNAQEA1MQ==', '2015-08-20 08:03:15'),
(52, 76, 'uploads/groom_default_thumb.png', 'uploads/groom_default_thumb.png', 'uploads/bride_default_thumb.png', 'uploads/bride_default_thumb.png', 'Kunal', 'Arushi', '03/11/2016', 200, 13, 'images/wedding-planner/venues/chandigarh-jw-marriott.jpg', 'Venue for wedding', 'JW Marriott - Chandigarh', '', '', '', '', 'images/wedding-planner/events/baraat.jpg,images/wedding-planner/events/other.jpg', 'Baraat', '03/11/2016', '8:00 PM', '3', 'Other event', '', '', '', '', '', 'images/wedding-planner/theme/light.jpg', 'Light theme', '', '', '', '', 'kunal bassi', 'kunalbassi@gmail.com', '8427192277', 'NzZAQEA1Mg==', '2015-08-21 09:15:19'),
(53, 80, 'uploads/groom_default_big.png', 'uploads/groom_default_thumb.png', 'uploads/bride_default_big.png', 'uploads/bride_default_thumb.png', 'Saurabh', 'Ankita', '11/27/2015', 250, 7, 'images/wedding-planner/venues/delhi-jw-marriott-aerocity.jpg', 'Venue for wedding + Rooms', 'JW Marriott New Delhi Aerocity - Delhi', '', '', '', '', 'images/wedding-planner/events/baraat.jpg,images/wedding-planner/events/other.jpg', 'Baraat', '11/27/2015', '7:00 AM', '3', 'Other event', '', '', '', '', '', 'images/wedding-planner/theme/floral.jpg', 'Floral Theme', '', 'images/wedding-planner/cuisine/indian.jpg', 'Indian', '', 'ankita', 'ankita2dwivedi@gmail.com', '9953558845', 'ODBAQEA1Mw==', '2015-08-25 17:21:10'),
(54, 80, 'uploads/groom_default_big.png', 'uploads/groom_default_thumb.png', 'uploads/bride_default_big.png', 'uploads/bride_default_thumb.png', 'Saurabh', 'Ankita', '11/27/2015', 250, 7, 'images/wedding-planner/venues/delhi-jw-marriott-aerocity.jpg', 'Venue for wedding + Rooms', 'JW Marriott New Delhi Aerocity - Delhi', '', '', '', '', 'images/wedding-planner/events/baraat.jpg,images/wedding-planner/events/other.jpg', 'Baraat', '11/27/2015', '7:00 AM', '3', 'Other event', '', '', '', '', '', 'images/wedding-planner/theme/floral.jpg', 'Floral Theme', '', 'images/wedding-planner/cuisine/indian.jpg', 'Indian', '', 'ankita', 'ankita2dwivedi@gmail.com', '9953558845', 'ODBAQEA1NA==', '2015-08-25 17:26:35'),
(55, 90, 'uploads/groom_default_big.png', 'uploads/groom_default_thumb.png', 'uploads/bride_default_big.png', 'uploads/bride_default_thumb.png', 'fa', 'ds', '12/01/2015', 100, 16, 'images/wedding-planner/venues/mussoorie-jw-marriott.jpg', 'Venue for wedding + Rooms', 'JW Marriott - Mussoorie', '', '', '', '', 'images/wedding-planner/events/mehndi.jpg,images/wedding-planner/events/sangeet-tilak.jpg,images/wedding-planner/events/baraat.jpg,images/wedding-planner/events/muhurtham.jpg,images/wedding-planner/events/reception.jpg,images/wedding-planner/events/other.jpg', 'Mehndi,Sangeet,Baraat,Muhurtham,Reception', '09/08/2015,09/08/2015,09/09/2015,09/09/2015,09/09/2015', '1:00 PM,8:00 PM,1:00 PM,4:00 PM,8:00 PM', '1,2,3,4,5', 'Haldi ceremony', '', '', '09/09/2015', '7:00 AM', '', 'images/wedding-planner/theme/floral.jpg', 'Floral Theme', '', 'images/wedding-planner/cuisine/mughlai.jpg', 'Mughlai', '', 'Karishma Mehrotra', 'devil_297@hotmail.com', '91-022-23672457', 'OTBAQEA1NQ==', '2015-09-08 14:52:30'),
(56, 93, 'uploads/groom_default_big.png', 'uploads/groom_default_thumb.png', 'uploads/bride_default_big.png', 'uploads/bride_default_thumb.png', 's', 'l', '12/12/2016', 150, 2, 'images/wedding-planner/venues/mumbai-renaissance.jpg', 'Venue for wedding', 'Renaissance - Mumbai', '', '', '', '', 'images/wedding-planner/events/reception.jpg,images/wedding-planner/events/other.jpg', 'Reception', '12/12/2016', '2:50 PM', '5', 'Other event', '', '', '', '', '', 'images/wedding-planner/theme/floral.jpg', 'Floral Theme', '', 'images/wedding-planner/cuisine/indian.jpg', 'Indian', '', 'D S', 'sandy2012200@gmail.com', '2567756772', 'OTNAQEA1Ng==', '2015-09-10 19:43:22'),
(57, 94, 'uploads/groom_default_big.png', 'uploads/groom_default_thumb.png', 'uploads/bride_default_big.png', 'uploads/bride_default_thumb.png', 'q', 'Q', '09/22/2015', 8888, 4, 'images/wedding-planner/venues/pune-jw-marriott.jpg', 'Venue for wedding', 'JW Marriott - Pune', '', '', '', '', 'images/wedding-planner/events/engagement.jpg,images/wedding-planner/events/other.jpg', 'Engagement', '09/23/2015', '5:20 AM', '0', 'Other event', '', '', '', '', '', 'images/wedding-planner/theme/beach.jpg', 'Beach/ Seaside/ Goan', '', 'images/wedding-planner/cuisine/italian.jpg', 'Italian', '', 'Test Test', 'test@mailinator.com', '999999999999', 'OTRAQEA1Nw==', '2015-09-21 11:18:06'),
(58, 94, 'uploads/groom_default_big.png', 'uploads/groom_default_thumb.png', 'uploads/bride_default_big.png', 'uploads/bride_default_thumb.png', 'q', 'Q', '09/22/2015', 8888, 4, 'images/wedding-planner/venues/pune-jw-marriott.jpg', 'Venue for wedding', 'JW Marriott - Pune', '', '', '', '', 'images/wedding-planner/events/engagement.jpg,images/wedding-planner/events/other.jpg', 'Engagement', '09/23/2015', '5:20 AM', '0', 'Other event', '', '', '', '', '', 'images/wedding-planner/theme/beach.jpg', 'Beach/ Seaside/ Goan', '', 'images/wedding-planner/cuisine/italian.jpg', 'Italian', '', 'Test Test', 'test@mailinator.com', '999999999999', 'OTRAQEA1OA==', '2015-09-21 11:19:27'),
(59, 96, 'uploads/groom_default_thumb.png', 'uploads/groom_default_thumb.png', 'uploads/bride_default_thumb.png', 'uploads/bride_default_thumb.png', 'vishal', 'deepika', '02/27/2016', 200, 3, 'images/wedding-planner/venues/pune-courtyard-hinjewadi.jpg', 'Venue for wedding + Rooms', 'Courtyard Hinjewadi - Pune', '', '', '', '', 'images/wedding-planner/events/mehndi.jpg,images/wedding-planner/events/sangeet-tilak.jpg,images/wedding-planner/events/muhurtham.jpg,images/wedding-planner/events/reception.jpg,images/wedding-planner/events/other.jpg', 'Mehndi,Sangeet,Muhurtham,Reception', '02/26/2016,02/26/2016,02/27/2016,02/27/2016', '7:00 PM,8:00 PM,5:00 PM,9:00 PM', '1,2,4,5', 'Cocktail party', '', '', '02/26/2016', '9:00 PM', '', 'images/wedding-planner/theme/temple.jpg', 'Temple theme', '', 'images/wedding-planner/cuisine/indian.jpg', 'Indian', '', 'Vishal Rajani', 'rajanivishal@hotmail.com', '9702180111', 'OTZAQEA1OQ==', '2015-10-06 12:15:36'),
(60, 97, 'uploads/groom_default_thumb.png', 'uploads/groom_default_thumb.png', 'uploads/bride_default_thumb.png', 'uploads/bride_default_thumb.png', 'Nadij', 'Nikita', '02/11/2017', 30, 14, 'images/wedding-planner/venues/mumbai-sahar.jpg', 'Venue for wedding + Rooms', 'JW Marriott Sahar - Mumbai', '', '', '', '', 'images/wedding-planner/events/mehndi.jpg,images/wedding-planner/events/muhurtham.jpg,images/wedding-planner/events/other.jpg', 'Mehndi,Muhurtham', '02/09/2017,02/11/2017', '5:00 PM,5:00 PM', '1,4', 'Haldi ceremony', '', '', '02/10/2017', '5:00 PM', '', 'images/wedding-planner/theme/beach.jpg', 'Beach/ Seaside/ Goan', 'For the mehendi I would like bright colours such as bright pinks and blues. As well as some oranges with marigolds. however i am only still in planning stages ', 'images/wedding-planner/cuisine/indian.jpg', 'Indian', 'Vegetarian only please ', 'Nikita Amaidas', 'Namaidas@yahoo.com', '+27734201409', 'OTdAQEA2MA==', '2015-10-07 10:42:19'),
(61, 94, 'uploads/groom_default_big.png', 'uploads/groom_default_thumb.png', 'uploads/bride_default_big.png', 'uploads/bride_default_thumb.png', 'A', 'B', '10/30/2015', 200, 14, 'images/wedding-planner/venues/mumbai-sahar.jpg', 'Venue for wedding', 'JW Marriott Sahar - Mumbai', '', '', '', '', 'images/wedding-planner/events/sangeet-tilak.jpg,images/wedding-planner/events/other.jpg', 'Sangeet', '10/29/2015', '4:00 AM', '2', 'Other event', '', '', '', '', '', 'images/wedding-planner/theme/floral.jpg', 'Floral Theme', '', 'images/wedding-planner/cuisine/italian.jpg', 'Italian', '', 'Test Test', 'test@mailinator.com', '8888898899', 'OTRAQEA2MQ==', '2015-10-23 16:36:47'),
(62, 94, 'uploads/groom_default_big.png', 'uploads/groom_default_thumb.png', 'uploads/bride_default_big.png', 'uploads/bride_default_thumb.png', 'A', 'B', '10/30/2015', 200, 14, 'images/wedding-planner/venues/mumbai-sahar.jpg', 'Venue for wedding', 'JW Marriott Sahar - Mumbai', '', '', '', '', 'images/wedding-planner/events/sangeet-tilak.jpg,images/wedding-planner/events/other.jpg', 'Sangeet', '10/26/2015', '8:00 AM', '2', 'Other event', '', '', '', '', '', 'images/wedding-planner/theme/floral.jpg', 'Floral Theme', '', 'images/wedding-planner/cuisine/italian.jpg', 'Italian', '', 'Test Test', 'test@mailinator.com', '9988988898', 'OTRAQEA2Mg==', '2015-10-23 16:43:27');
INSERT INTO `planner_details` (`id`, `user_id`, `groomPhoto`, `groomThumbPhoto`, `bridePhoto`, `brideThumbPhoto`, `groom_name`, `bride_name`, `event_date`, `no_guests`, `current_hotel_id`, `current_hotel_photo`, `current_venue_option`, `current_hotel_name`, `venue_suggestion`, `current_tradition_photo`, `current_tradition_type`, `tradition_suggestion`, `current_event_photos`, `current_event_names`, `current_event_date`, `current_event_time`, `current_event_key`, `event_other`, `event_hotel`, `event_theme`, `event_date_other`, `event_time_other`, `event_suggestion`, `current_theme_photo`, `current_theme_name`, `theme_suggestion`, `current_cuisine_photo`, `current_cuisine_name`, `cuisine_suggestion`, `name`, `email`, `contact_no`, `planner_url_id`, `created_on`) VALUES
(63, 94, 'uploads/groom_default_big.png', 'uploads/groom_default_thumb.png', 'uploads/bride_default_big.png', 'uploads/bride_default_thumb.png', 'A', 'B', '10/30/2015', 200, 2, 'images/wedding-planner/venues/mumbai-renaissance.jpg', 'Venue for wedding + Rooms', 'Renaissance - Mumbai', '', '', '', '', 'images/wedding-planner/events/mehndi.jpg,images/wedding-planner/events/sangeet-tilak.jpg,images/wedding-planner/events/other.jpg', 'Mehndi,Sangeet', '10/29/2015,10/30/2015', '3:00 AM,8:00 AM', '1,2', 'Other event', '', '', '', '', '', 'images/wedding-planner/theme/floral.jpg', 'Floral Theme', '', 'images/wedding-planner/cuisine/italian.jpg', 'Italian', '', 'Test Test', 'test@mailinator.com', '9842101374', 'OTRAQEA2Mw==', '2015-10-23 20:50:20'),
(64, 94, 'uploads/groom_default_big.png', 'uploads/groom_default_thumb.png', 'uploads/bride_default_big.png', 'uploads/bride_default_thumb.png', 'A', 'B', '10/30/2015', 200, 2, 'images/wedding-planner/venues/mumbai-renaissance.jpg', 'Venue for wedding + Rooms', 'Renaissance - Mumbai', '', '', '', '', 'images/wedding-planner/events/mehndi.jpg,images/wedding-planner/events/sangeet-tilak.jpg,images/wedding-planner/events/other.jpg', 'Mehndi,Sangeet', '10/29/2015,10/30/2015', '3:00 AM,8:00 AM', '1,2', 'Other event', '', '', '', '', '', 'images/wedding-planner/theme/floral.jpg', 'Floral Theme', '', 'images/wedding-planner/cuisine/italian.jpg', 'Italian', '', 'Test Test', 'test@mailinator.com', '9842101374', 'OTRAQEA2NA==', '2015-10-23 20:51:40'),
(65, 83, 'uploads/groom_default_thumb.png', 'uploads/groom_default_thumb.png', 'uploads/bride_default_thumb.png', 'uploads/bride_default_thumb.png', 'A', 'B', '05/14/2016', 400, 1, 'images/wedding-planner/venues/mumbai-jw-marriott.jpg', 'Venue for wedding', 'JW Marriott - Mumbai', '', '', '', '', 'images/wedding-planner/events/engagement.jpg,images/wedding-planner/events/other.jpg', 'Engagement', '11/14/2015', '7:00 PM', '0', 'Cocktail party', '', '', '11/14/2015', '8:00 PM', '', 'images/wedding-planner/theme/other.jpg', 'Romantic', '', 'images/wedding-planner/cuisine/indian.jpg', 'Indian', '', 'A', 'talk_sd2006@yahoo.co.in', '5516559074', 'ODNAQEA2NQ==', '2015-10-29 15:37:43'),
(66, 83, 'uploads/groom_default_thumb.png', 'uploads/groom_default_thumb.png', 'uploads/bride_default_thumb.png', 'uploads/bride_default_thumb.png', 'A', 'B', '05/14/2016', 400, 1, 'images/wedding-planner/venues/mumbai-jw-marriott.jpg', 'Venue for wedding', 'JW Marriott - Mumbai', '', '', '', '', 'images/wedding-planner/events/engagement.jpg,images/wedding-planner/events/other.jpg', 'Engagement', '11/14/2015', '7:00 PM', '0', 'Cocktail party', '', '', '11/14/2015', '8:00 PM', '', 'images/wedding-planner/theme/other.jpg', 'Romantic', '', 'images/wedding-planner/cuisine/indian.jpg', 'Indian', '', 'A', 'talk_sd2006@yahoo.co.in', '5516559074', 'ODNAQEA2Ng==', '2015-10-29 15:37:57'),
(67, 100, 'uploads/groom_default_big.png', 'uploads/groom_default_thumb.png', 'uploads/bride_default_big.png', 'uploads/bride_default_thumb.png', 'k', 's', '01/30/2016', 50, 3, 'images/wedding-planner/venues/pune-courtyard-hinjewadi.jpg', 'Venue for wedding + Rooms', 'Courtyard Hinjewadi - Pune', 'No', '', '', '', 'images/wedding-planner/events/other.jpg,images/wedding-planner/events/mehndi.jpg,images/wedding-planner/events/sangeet-tilak.jpg,images/wedding-planner/events/baraat.jpg,images/wedding-planner/events/muhurtham.jpg,images/wedding-planner/events/other.jpg,images/wedding-planner/events/other.jpg', 'Mehndi,Sangeet,Baraat,Muhurtham', '01/31/2016,01/30/2016,01/31/2016,01/31/2016', '4:00 PM,9:00 PM,7:00 PM,10:00 PM', '0,1,2,3', 'Haldi ceremony', '', '', '01/30/2016', '12:55 AM', 'n', 'images/wedding-planner/theme/colour.jpg', 'Colour based theme', '', 'images/wedding-planner/cuisine/indian.jpg', 'Indian', '', 'Ravinder Goel', 'rgoel2009@gmail.com', '8650301305', 'MTAwQEBANjc=', '2015-11-12 18:53:29'),
(68, 94, 'uploads/groom_default_big.png', 'uploads/groom_default_thumb.png', 'uploads/bride_default_big.png', 'uploads/bride_default_thumb.png', 'qq', 'bb', '11/17/2015', 100, 14, 'images/wedding-planner/venues/mumbai-sahar.jpg', 'Venue for wedding + Rooms', 'JW Marriott Sahar - Mumbai', '', '', '', '', 'images/wedding-planner/events/sangeet-tilak.jpg,images/wedding-planner/events/other.jpg', 'Sangeet', '11/24/2015', '1:30 AM', '2', 'Other event', '', '', '', '', '', 'images/wedding-planner/theme/floral.jpg', 'Floral Theme', '', 'images/wedding-planner/cuisine/italian.jpg', 'Italian', '', 'Test Test', 'test@mailinator.com', '9842101374', 'OTRAQEA2OA==', '2015-11-16 10:16:47'),
(69, 94, 'uploads/groom_default_big.png', 'uploads/groom_default_thumb.png', 'uploads/bride_default_big.png', 'uploads/bride_default_thumb.png', 'qq', 'bb', '11/17/2015', 100, 14, 'images/wedding-planner/venues/mumbai-sahar.jpg', 'Venue for wedding + Rooms', 'JW Marriott Sahar - Mumbai', '', '', '', '', 'images/wedding-planner/events/sangeet-tilak.jpg,images/wedding-planner/events/other.jpg', 'Sangeet', '11/24/2015', '1:30 AM', '2', 'Other event', '', '', '', '', '', 'images/wedding-planner/theme/floral.jpg', 'Floral Theme', '', 'images/wedding-planner/cuisine/italian.jpg', 'Italian', '', 'Test Test', 'test@mailinator.com', '9842101374', 'OTRAQEA2OQ==', '2015-11-16 10:20:16'),
(70, 94, 'uploads/groom_default_big.png', 'uploads/groom_default_thumb.png', 'uploads/bride_default_big.png', 'uploads/bride_default_thumb.png', 'Thyaga', 'Aishu', '02/03/2016', 5000, 10, 'images/wedding-planner/venues/goa-marriott-resort.jpg', 'Venue for wedding + Rooms', 'Marriott Resort - Goa', '', '', '', '', 'images/wedding-planner/events/muhurtham.jpg,images/wedding-planner/events/reception.jpg,images/wedding-planner/events/other.jpg', 'Muhurtham,Reception', '02/03/2016,02/08/2016', '7:30 AM,8:00 PM', '4,5', 'Other event', '', '', '', '', '', 'images/wedding-planner/theme/beach.jpg', 'Beach/ Seaside/ Goan', '', 'images/wedding-planner/cuisine/italian.jpg', 'Italian', '', 'Test Test', 'test@mailinator.com', '7777787777', 'OTRAQEA3MA==', '2015-11-28 16:00:14'),
(71, 104, 'uploads/groom_default_big.png', 'uploads/groom_default_thumb.png', 'uploads/bride_default_big.png', 'uploads/bride_default_thumb.png', 's', 'p', '01/28/2016', 100, 14, 'images/wedding-planner/venues/mumbai-sahar.jpg', 'Venue for wedding + Rooms', 'JW Marriott Sahar - Mumbai', '', '', '', '', 'images/wedding-planner/events/engagement.jpg,images/wedding-planner/events/sangeet-tilak.jpg,images/wedding-planner/events/baraat.jpg,images/wedding-planner/events/muhurtham.jpg,images/wedding-planner/events/reception.jpg,images/wedding-planner/events/other.jpg', 'Engagement,Sangeet,Baraat,Muhurtham,Reception', '12/15/2015,12/27/2015,12/28/2015,12/28/2015,12/31/2015', '7:00 PM,7:00 PM,10:00 PM,11:00 PM,7:00 PM', '0,2,3,4,5', 'Other event', '', '', '', '', '', 'images/wedding-planner/theme/floral.jpg', 'Floral Theme', '', 'images/wedding-planner/cuisine/indian.jpg', 'Indian', '', 'PUJA PALLAVI', 'pujapallavi23@gmail.com', '91-73-87705599', 'MTA0QEBANzE=', '2015-12-04 11:31:49'),
(72, 87, 'uploads/groom_default_big.png', 'uploads/groom_default_thumb.png', 'uploads/bride_default_big.png', 'uploads/bride_default_thumb.png', 'S', 'M', '01/16/2016', 350, 4, 'images/wedding-planner/venues/pune-jw-marriott.jpg', 'Venue for wedding', 'JW Marriott - Pune', '350 Guest - 80% non vegetarians', '', '', '', 'images/wedding-planner/events/reception.jpg,images/wedding-planner/events/other.jpg', 'Reception', '01/16/2016', '7:00 PM', '5', 'Other event', '', '', '', '', '', 'images/wedding-planner/theme/other.jpg', 'Modern/ contemporary', '', 'images/wedding-planner/cuisine/other.jpg', 'South Indian', '', 'Sanjay Thomas', 'thomassanjay@hotmail.com', '8446050003', 'ODdAQEA3Mg==', '2015-12-09 14:50:55'),
(73, 94, 'uploads/groom_default_big.png', 'uploads/groom_default_thumb.png', 'uploads/bride_default_big.png', 'uploads/bride_default_thumb.png', 'Bride', 'Groom', '01/08/2016', 12, 2, 'images/wedding-planner/venues/mumbai-renaissance.jpg', 'Venue for wedding', 'Renaissance - Mumbai', '', '', '', '', 'images/wedding-planner/events/sangeet-tilak.jpg,images/wedding-planner/events/other.jpg', 'Sangeet', '01/08/2016', '11:55 AM', '2', 'Other event', '', '', '', '', '', 'images/wedding-planner/theme/floral.jpg', 'Floral Theme', '', 'images/wedding-planner/cuisine/italian.jpg', 'Italian', '', 'Test Test', 'test@mailinator.com', '9677174743', 'OTRAQEA3Mw==', '2016-01-06 13:12:07'),
(74, 107, 'uploads/groom_default_big.png', 'uploads/groom_default_thumb.png', 'uploads/bride_default_big.png', 'uploads/bride_default_thumb.png', 'Groom', 'Bride', '01/09/2016', 12, 2, 'images/wedding-planner/venues/mumbai-renaissance.jpg', 'Venue for wedding', 'Renaissance - Mumbai', '', '', '', '', 'images/wedding-planner/events/muhurtham.jpg,images/wedding-planner/events/other.jpg', 'Muhurtham', '01/08/2016', '11:00 AM', '4', 'Other event', '', '', '', '', '', 'images/wedding-planner/theme/colour.jpg', 'Colour based theme', '', 'images/wedding-planner/cuisine/thai.jpg', 'Thai', '', 'Arunkumar Balraj', 'tamill.arun@gmail.com', '91-9677174743', 'MTA3QEBANzQ=', '2016-01-08 17:02:30'),
(75, 107, 'uploads/groom_default_big.png', 'uploads/groom_default_thumb.png', 'uploads/bride_default_big.png', 'uploads/bride_default_thumb.png', 'Nishanth', 'YYYY', '01/10/2016', 12, 2, 'images/wedding-planner/venues/mumbai-renaissance.jpg', 'Venue for wedding', 'Renaissance - Mumbai', '', '', '', '', 'images/wedding-planner/events/mehndi.jpg,images/wedding-planner/events/other.jpg', 'Mehndi', '01/09/2016', '10:00 AM', '1', 'Other event', '', '', '', '', '', 'images/wedding-planner/theme/colour.jpg', 'Colour based theme', '', 'images/wedding-planner/cuisine/thai.jpg', 'Thai', '', 'Arunkumar Balraj', 'tamill.arun@gmail.com', '91-9677174743', 'MTA3QEBANzU=', '2016-01-09 12:11:43'),
(76, 111, '', '', '', '', '', '', '09/16/2016', 250, 16, 'images/wedding-planner/venues/mussoorie-jw-marriott.jpg', 'Venue for wedding + Rooms', 'JW Marriott - Mussoorie', '4 rooms, venue for 250 people no Dj.\r\n', '', '', '', 'images/wedding-planner/events/mehndi.jpg,images/wedding-planner/events/baraat.jpg,images/wedding-planner/events/other.jpg', 'Mehndi,Baraat', '09/15/2016,09/16/2016', '7:00 PM,8:00 PM', '1,3', 'Other event', '', '', '', '', '', 'images/wedding-planner/theme/light.jpg', 'Light theme', '', 'images/wedding-planner/cuisine/indian.jpg', 'Indian', '', 'Ansh Thapliyal', 'anshul_thapliyal@rediffmail.com', '91-8909090451', 'MTExQEBANzY=', '2016-01-19 19:38:05'),
(77, 107, 'uploads/groom_default_big.png', 'uploads/groom_default_thumb.png', 'uploads/bride_default_big.png', 'uploads/bride_default_thumb.png', 'Groom', 'Bride', '03/23/2016', 12, 1, 'images/wedding-planner/venues/mumbai-jw-marriott.jpg', 'Venue for wedding', 'JW Marriott - Mumbai', '', '', '', '', 'images/wedding-planner/events/engagement.jpg,images/wedding-planner/events/other.jpg', 'Engagement', '03/23/2016', '4:00 AM', '0', 'Other event', '1,1,1,1,1,1', 'Engagement', '', '', '', 'images/wedding-planner/theme/bollywood.jpg', 'Bollywood/ Movie magic', '', 'images/wedding-planner/cuisine/thai.jpg', 'Thai', '', 'Arunkumar Balraj', 'tamill.arun@gmail.com', '91-9677174743', 'MTA3QEBANzc=', '2016-03-23 18:06:24'),
(78, 114, 'uploads/groom_default_big.png', 'uploads/groom_default_thumb.png', 'uploads/bride_default_big.png', 'uploads/bride_default_thumb.png', 'a', 'b', '03/25/2016', 100, 1, 'images/wedding-planner/venues/mumbai-jw-marriott.jpg', 'Venue for wedding', 'JW Marriott - Mumbai', '', '', '', '', 'images/wedding-planner/events/mehndi.jpg,images/wedding-planner/events/other.jpg,images/wedding-planner/events/other.jpg', 'Mehndi,Haldi ceremony', '03/24/2016', '1:50 AM', '0', 'Haldi ceremony', '1,1,1,1,1,1', 'Mehndi', '03/24/2016', '1:25 AM', '', 'images/wedding-planner/theme/colour.jpg', 'Colour based theme', '', 'images/wedding-planner/cuisine/indian.jpg,images/wedding-planner/cuisine/thai.jpg,images/wedding-planner/cuisine/italian.jpg,images/wedding-planner/cuisine/mediterranean.jpg,images/wedding-planner/cuisine/continental.jpg,images/wedding-planner/cuisine/mug', 'Indian,Thai,Italian,Mediterranean,Continental,Mughlai', '', 'Test2 Test', 'test2@mailinator.com', '91-9899989988', 'MTE0QEBANzg=', '2016-03-24 14:57:18'),
(79, 114, 'uploads/groom_default_big.png', 'uploads/groom_default_thumb.png', 'uploads/bride_default_big.png', 'uploads/bride_default_thumb.png', 'a', 'b', '03/25/2016', 100, 1, 'images/wedding-planner/venues/mumbai-jw-marriott.jpg', 'Venue for wedding', 'JW Marriott - Mumbai', '', '', '', '', 'images/wedding-planner/events/mehndi.jpg,images/wedding-planner/events/other.jpg,images/wedding-planner/events/other.jpg', 'Mehndi,Haldi ceremony', '03/24/2016', '1:50 AM', '0', 'Haldi ceremony', '1,1,1,1,1,1', 'Mehndi', '03/24/2016', '1:25 AM', '', 'images/wedding-planner/theme/colour.jpg', 'Colour based theme', '', 'images/wedding-planner/cuisine/indian.jpg,images/wedding-planner/cuisine/thai.jpg,images/wedding-planner/cuisine/italian.jpg,images/wedding-planner/cuisine/mediterranean.jpg,images/wedding-planner/cuisine/continental.jpg,images/wedding-planner/cuisine/mug', 'Indian,Thai,Italian,Mediterranean,Continental,Mughlai', '', 'Test2 Test', 'test2@mailinator.com', '91-9899989988', 'MTE0QEBANzk=', '2016-03-24 14:59:01'),
(80, 114, 'uploads/groom_default_big.png', 'uploads/groom_default_thumb.png', 'uploads/bride_default_big.png', 'uploads/bride_default_thumb.png', 'a', 'b', '03/25/2016', 100, 1, 'images/wedding-planner/venues/mumbai-jw-marriott.jpg', 'Venue for wedding', 'JW Marriott - Mumbai', '', '', '', '', 'images/wedding-planner/events/mehndi.jpg,images/wedding-planner/events/other.jpg,images/wedding-planner/events/other.jpg', 'Mehndi,Haldi ceremony', '03/24/2016', '1:50 AM', '0', 'Haldi ceremony', '1,1,1,1,1,1', 'Mehndi', '03/24/2016', '1:25 AM', '', 'images/wedding-planner/theme/colour.jpg', 'Colour based theme', '', 'images/wedding-planner/cuisine/indian.jpg,images/wedding-planner/cuisine/thai.jpg,images/wedding-planner/cuisine/italian.jpg,images/wedding-planner/cuisine/mediterranean.jpg,images/wedding-planner/cuisine/continental.jpg,images/wedding-planner/cuisine/mug', 'Indian,Thai,Italian,Mediterranean,Continental,Mughlai', '', 'Test2 Test', 'test2@mailinator.com', '91-9899989988', 'MTE0QEBAODA=', '2016-03-24 14:59:24'),
(81, 115, 'uploads/groom_default_big.png', 'uploads/groom_default_thumb.png', 'uploads/bride_default_big.png', 'uploads/bride_default_thumb.png', 'Raj', 'Priya', '05/29/2016', 1500, 10, 'images/wedding-planner/venues/goa-marriott-resort.jpg', 'Venue for wedding + Rooms', 'Marriott Resort - Goa', '', '', '', '', 'images/wedding-planner/events/engagement.jpg,images/wedding-planner/events/muhurtham.jpg,images/wedding-planner/events/reception.jpg,images/wedding-planner/events/other.jpg', 'Engagement,Muhurtham,Reception', '05/28/2016,05/29/2016,05/29/2016', '6:45 PM,7:00 AM,7:00 PM', '0,4,5', 'Other event', '10,10,10,10,10,10', 'Engagement,Muhurtham,Reception', '', '', '', 'images/wedding-planner/theme/floral.jpg,images/wedding-planner/theme/temple.jpg,images/wedding-planner/theme/light.jpg', 'Floral Theme,Temple theme,Light theme', '', 'images/wedding-planner/cuisine/indian.jpg', 'Indian', '', 'Radhika S', 'itkt.redickaa@gmail.com', '91-9884042780', 'MTE1QEBAODE=', '2016-03-29 06:30:10'),
(82, 98, 'uploads/groom_default_big.png', 'uploads/groom_default_thumb.png', 'uploads/bride_default_big.png', 'uploads/bride_default_thumb.png', 'prinkal', 'rhythm', '12/02/2016', 50, 1, 'images/wedding-planner/venues/mumbai-jw-marriott.jpg', 'Venue for wedding + Rooms', 'JW Marriott - Mumbai', '', '', '', '', 'images/wedding-planner/events/baraat.jpg,images/wedding-planner/events/other.jpg,images/wedding-planner/events/muhurtham.jpg,images/wedding-planner/events/other.jpg', 'Baraat,Muhurtham', '12/02/2016,12/02/2016', '8:00 AM,11:00 AM', '0,4', 'Other event', '1,1,1,13,13,1', 'Baraat,Baraat', '', '', '', 'images/wedding-planner/theme/colour.jpg,images/wedding-planner/theme/floral.jpg', 'Colour based theme,Floral Theme', '', 'images/wedding-planner/cuisine/indian.jpg,images/wedding-planner/cuisine/thai.jpg,images/wedding-planner/cuisine/mughlai.jpg', 'Indian,Thai,Mughlai', '', '', 'rhythm.dawar89@gmail.com', '9216220021', 'OThAQEA4Mg==', '2016-05-24 09:20:05'),
(83, 129, 'uploads/groom_default_big.png', 'uploads/groom_default_thumb.png', 'uploads/bride_default_big.png', 'uploads/bride_default_thumb.png', 'Cesar', 'Kethaki', '04/21/2017', 250, 16, 'images/wedding-planner/venues/mussoorie-jw-marriott.jpg', 'Venue for wedding + Rooms', 'JW Marriott - Mussoorie', '', '', '', '', 'images/wedding-planner/events/sangeet-tilak.jpg,images/wedding-planner/events/reception.jpg,images/wedding-planner/events/other.jpg', 'Sangeet,Reception,Cocktail party', '04/21/2017,04/22/2017', '8:00 PM,8:00 PM', '2,5', 'Cocktail party', '16,16,16,16,16,16', 'Sangeet,Cocktail party,Reception', '04/21/2017', '6:00 PM', 'Hindu wedding ceremony and lunch', 'images/wedding-planner/theme/bollywood.jpg,images/wedding-planner/theme/light.jpg,images/wedding-planner/theme/beach.jpg', 'Bollywood/ Movie magic,Light theme,Beach/ Seaside/ Goan', 'Minimalist', 'images/wedding-planner/cuisine/other.jpg', 'European', 'Something that mixes Goan, Caribbean, European, and Mexican.', 'Kethaki Nair', 'keki_687@hotmail.com', '+19546833232', 'MTI5QEBAODM=', '2016-06-06 04:03:46'),
(84, 129, 'uploads/groom_default_big.png', 'uploads/groom_default_thumb.png', 'uploads/bride_default_big.png', 'uploads/bride_default_thumb.png', 'Cesar', 'Kethaki', '04/21/2017', 250, 16, 'images/wedding-planner/venues/mussoorie-jw-marriott.jpg', 'Venue for wedding + Rooms', 'JW Marriott - Mussoorie', '', '', '', '', 'images/wedding-planner/events/sangeet-tilak.jpg,images/wedding-planner/events/reception.jpg,images/wedding-planner/events/other.jpg', 'Sangeet,Reception,Cocktail party', '04/21/2017,04/22/2017', '8:00 PM,8:00 PM', '2,5', 'Cocktail party', '16,16,16,16,16,16', 'Sangeet,Cocktail party,Reception', '04/21/2017', '6:00 PM', 'Hindu wedding ceremony and lunch', 'images/wedding-planner/theme/bollywood.jpg,images/wedding-planner/theme/light.jpg,images/wedding-planner/theme/beach.jpg', 'Bollywood/ Movie magic,Light theme,Beach/ Seaside/ Goan', 'Minimalist', 'images/wedding-planner/cuisine/other.jpg', 'European', 'Something that mixes Goan, Caribbean, European, and Mexican.', 'Kethaki Nair', 'keki_687@hotmail.com', '+19546833232', 'MTI5QEBAODQ=', '2016-06-06 04:05:11'),
(85, 133, 'uploads/groom_default_thumb.png', 'uploads/groom_default_thumb.png', 'uploads/bride_default_thumb.png', 'uploads/bride_default_thumb.png', 'Bhavik', 'Pooja', '03/28/2018', 100, 1, 'images/wedding-planner/venues/mumbai-jw-marriott.jpg', 'Venue for wedding + Rooms', 'JW Marriott - Mumbai', '', '', '', '', 'images/wedding-planner/events/mehndi.jpg,images/wedding-planner/events/baraat.jpg,images/wedding-planner/events/reception.jpg,images/wedding-planner/events/other.jpg', 'Mehndi,Baraat,Reception', '03/29/2018,03/30/2018,03/31/2018', '6:00 PM,6:00 AM,6:00 PM', '1,3,5', 'Other event', '1,1,1,1,1,1', 'Mehndi,Reception,Baraat', '', '', '', 'images/wedding-planner/theme/floral.jpg,images/wedding-planner/theme/light.jpg,images/wedding-planner/theme/beach.jpg', 'Floral Theme,Light theme,Beach/ Seaside/ Goan', '', 'images/wedding-planner/cuisine/indian.jpg', 'Indian', '', 'Pooja Patel', 'Poojapatel1992@live.co.uk', '07887474525', 'MTMzQEBAODU=', '2016-06-13 03:38:59'),
(86, 102, 'uploads/groom_default_big.png', 'uploads/groom_default_thumb.png', 'uploads/bride_default_big.png', 'uploads/bride_default_thumb.png', 'Sid', 'Heeta', '01/17/2017', 250, 4, 'images/wedding-planner/venues/pune-jw-marriott.jpg', 'Venue for wedding', 'JW Marriott - Pune', '', '', '', '', 'images/wedding-planner/events/baraat.jpg,images/wedding-planner/events/muhurtham.jpg,images/wedding-planner/events/other.jpg', 'Baraat,Muhurtham', '01/17/2017,01/17/2017', '5:00 PM,11:00 PM', '3,4', 'Other event', '4,4,4,4,4,4', 'Muhurtham,Baraat', '', '', '', 'images/wedding-planner/theme/floral.jpg,images/wedding-planner/theme/beach.jpg', 'Floral Theme,Beach/ Seaside/ Goan', '', 'images/wedding-planner/cuisine/indian.jpg,images/wedding-planner/cuisine/mediterranean.jpg', 'Indian,Mediterranean', '', '', 'heeta237@gmail.com', '+1 917-513-6002', 'MTAyQEBAODY=', '2016-06-25 09:57:45'),
(87, 135, 'uploads/groom_default_thumb.png', 'uploads/groom_default_thumb.png', 'uploads/bride_default_thumb.png', 'uploads/bride_default_thumb.png', 'Raj', 'Shilpa', '12/01/2016', 300, 3, 'images/wedding-planner/venues/pune-courtyard-hinjewadi.jpg', 'Venue for wedding + Rooms', 'Courtyard Hinjewadi - Pune', '', '', '', '', 'images/wedding-planner/events/baraat.jpg,images/wedding-planner/events/reception.jpg,images/wedding-planner/events/other.jpg', 'Baraat,Reception', '11/30/2016,12/01/2016', '8:00 PM,8:00 PM', '3,5', 'Other event', '3,3,3,3,3,3', 'Baraat,Reception', '', '', '', 'images/wedding-planner/theme/light.jpg,images/wedding-planner/theme/beach.jpg', 'Light theme,Beach/ Seaside/ Goan', '', 'images/wedding-planner/cuisine/indian.jpg', 'Indian', '', 'Raj Kundra', 'Raj.kundra@gmail.com', '9039797827', 'MTM1QEBAODc=', '2016-07-02 09:27:03'),
(88, 30, '', '', '', '', '', '', '1', 1, 1, '1', '1', '1', '1', '', '', '', '', '', '', '', '', '', '', '', '', '', '', '', '', '', '', '', '', '1', '1', '1', 'MzBAQEA4OA==', '2016-07-08 12:49:01'),
(89, 139, 'uploads/groom_default_big.png', 'uploads/groom_default_thumb.png', 'uploads/bride_default_big.png', 'uploads/bride_default_thumb.png', 'R', 'J', '11/23/2016', 4000, 4, 'images/wedding-planner/venues/pune-jw-marriott.jpg', 'Venue for wedding', 'JW Marriott - Pune', '', '', '', '', 'images/wedding-planner/events/engagement.jpg,images/wedding-planner/events/mehndi.jpg,images/wedding-planner/events/baraat.jpg,images/wedding-planner/events/reception.jpg,images/wedding-planner/events/other.jpg,images/wedding-planner/events/other.jpg', 'Engagement,Mehndi,Baraat,Reception,Haldi ceremony,Haldi ceremony', '11/22/2016,11/22/2016,11/23/2016,11/23/2016', '10:00 AM,8:00 AM,10:00 AM,8:00 AM', '0,1,2,3,4', 'Haldi ceremony', '4,4,4,4,4,4', 'Haldi ceremony,Engagement,Haldi ceremony,Haldi ceremony,Engagement,Reception', '11/22/2016', '5:50 PM', '', 'images/wedding-planner/theme/floral.jpg,images/wedding-planner/theme/colour.jpg,images/wedding-planner/theme/floral.jpg,images/wedding-planner/theme/temple.jpg,images/wedding-planner/theme/light.jpg,images/wedding-planner/theme/beach.jpg', 'Floral Theme,Colour based theme,Floral Theme,Temple theme,Light theme,Beach/ Seaside/ Goan', '', 'images/wedding-planner/cuisine/indian.jpg', 'Indian', '', 'Naveen N Jhavare Patil', 'nnjhavare.patil@gmail.com', '9987321232', 'MTM5QEBAODk=', '2016-07-19 18:17:15'),
(90, 140, 'uploads/groom_default_big.png', 'uploads/groom_default_thumb.png', 'uploads/bride_default_big.png', 'uploads/bride_default_thumb.png', 'vivek', 'rekha', '02/02/2017', 100, 4, 'images/wedding-planner/venues/pune-jw-marriott.jpg', 'Venue for wedding + Rooms', 'JW Marriott - Pune', '', '', '', '', 'images/wedding-planner/events/mehndi.jpg,images/wedding-planner/events/sangeet-tilak.jpg,images/wedding-planner/events/baraat.jpg,images/wedding-planner/events/muhurtham.jpg,images/wedding-planner/events/other.jpg', 'Mehndi,Sangeet,Baraat,Muhurtham', '02/01/2017,02/01/2017,02/02/2017,02/02/2017', '2:00 PM,7:00 PM,8:00 PM,12:00 PM', '1,2,3,4', 'Other event', '4,4,4,4,4,4', 'Sangeet,Sangeet,Muhurtham', '', '', '', 'images/wedding-planner/theme/bollywood.jpg,images/wedding-planner/theme/floral.jpg,images/wedding-planner/theme/light.jpg', 'Bollywood/ Movie magic,Floral Theme,Light theme', '', 'images/wedding-planner/cuisine/indian.jpg', 'Indian', '', 'Rekha Tripathi', 'rekhajasmine23@gmail.com', '8106238050', 'MTQwQEBAOTA=', '2016-07-23 21:38:48'),
(91, 105, 'uploads/groom_default_thumb.png', 'uploads/groom_default_thumb.png', 'uploads/bride_default_thumb.png', 'uploads/bride_default_thumb.png', 'A', 'B', '01/19/2017', 180, 3, 'images/wedding-planner/venues/pune-courtyard-hinjewadi.jpg', 'Venue for wedding + Rooms', 'Courtyard Hinjewadi - Pune', '', '', '', '', 'images/wedding-planner/events/sangeet-tilak.jpg,images/wedding-planner/events/muhurtham.jpg,images/wedding-planner/events/other.jpg', 'Sangeet,Muhurtham', '01/19/2017,01/20/2017', '8:00 PM,7:00 PM', '2,4', 'Other event', '3,3,3,3,3,3', 'Sangeet', '', '', '', 'images/wedding-planner/theme/light.jpg', 'Light theme', '', 'images/wedding-planner/cuisine/indian.jpg,images/wedding-planner/cuisine/thai.jpg,images/wedding-planner/cuisine/mughlai.jpg', 'Indian,Thai,Mughlai', '', '', 'bhavya10@hotmail.com', '7506201458 ', 'MTA1QEBAOTE=', '2016-08-15 22:26:55'),
(92, 30, 'uploads/groom_default_big.png', 'uploads/groom_default_thumb.png', 'uploads/bride_default_big.png', 'uploads/bride_default_thumb.png', 'Ridhu', 'Ridhi', '12/23/2016', 1000, 1, 'images/wedding-planner/venues/mumbai-jw-marriott.jpg', 'Venue for wedding + Rooms', 'JW Marriott - Mumbai', '', '', '', '', 'images/wedding-planner/events/baraat.jpg,images/wedding-planner/events/other.jpg', 'Baraat', '12/23/2016', '7:00 PM', '3', 'Other event', '1,1,1,1,1,1', 'Baraat', '', '', '', 'images/wedding-planner/theme/bollywood.jpg', 'Bollywood/ Movie magic', '', 'images/wedding-planner/cuisine/italian.jpg,images/wedding-planner/cuisine/mughlai.jpg', 'Italian,Mughlai', '', '', '', '9819125004', 'MzBAQEA5Mg==', '2016-08-30 15:05:59'),
(93, 108, 'uploads/groom_default_big.png', 'uploads/groom_default_thumb.png', 'uploads/bride_default_big.png', 'uploads/bride_default_thumb.png', 'sawan', 'ROHILA', '12/12/2016', 150, 8, 'images/wedding-planner/venues/bengaluru-jw-marriott.jpg', 'Venue for wedding + Rooms', 'JW Marriott - Bengaluru', '', '', '', '', 'images/wedding-planner/events/mehndi.jpg,images/wedding-planner/events/other.jpg,images/wedding-planner/events/sangeet-tilak.jpg,images/wedding-planner/events/muhurtham.jpg,images/wedding-planner/events/other.jpg', 'Mehndi,Sangeet,Muhurtham', '12/11/2016,12/10/2016,12/12/2016', '7:00 PM,7:00 PM,8:00 PM', '0,2,4', 'Other event', '8,8,8,8,8,8', 'Mehndi,Muhurtham,Sangeet', '', '', '', 'images/wedding-planner/theme/colour.jpg,images/wedding-planner/theme/temple.jpg,images/wedding-planner/theme/light.jpg', 'Colour based theme,Temple theme,Light theme', '', 'images/wedding-planner/cuisine/indian.jpg', 'Indian', '', '', 'prasaddls1@gmail.com', '9490960531', 'MTA4QEBAOTM=', '2016-08-30 17:15:58'),
(94, 144, 'uploads/1472712105-2142892369.jpg', 'uploads/thumb_image/1472712105-2142892369.jpg', 'uploads/1472712131-1377400880.jpg', 'uploads/thumb_image/1472712131-1377400880.jpg', 'Test', 'test', '09/20/2016', 8, 16, 'images/wedding-planner/venues/mussoorie-jw-marriott.jpg', 'Venue for wedding + Rooms', 'JW Marriott - Mussoorie', '', '', '', '', 'images/wedding-planner/events/engagement.jpg,images/wedding-planner/events/other.jpg', 'Engagement', '09/06/2016', '3:00 AM', '0', 'Other event', '16,16,16,16,16,16', 'Engagement', '', '', '', 'images/wedding-planner/theme/light.jpg', 'Light theme', '', 'images/wedding-planner/cuisine/indian.jpg', 'Indian', '', 'Test Marriott', 'mvennila@interaktmail.com', '91-8344991133', 'MTQ0QEBAOTQ=', '2016-09-01 12:15:32');

-- --------------------------------------------------------

--
-- Table structure for table `planner_users`
--

CREATE TABLE IF NOT EXISTS `planner_users` (
  `id` int(11) NOT NULL AUTO_INCREMENT,
  `fb_id` varchar(50) DEFAULT NULL,
  `name` varchar(100) DEFAULT NULL,
  `first_name` varchar(100) NOT NULL,
  `last_name` varchar(100) NOT NULL,
  `user_name` varchar(100) DEFAULT NULL,
  `user_email` varchar(255) NOT NULL,
  `user_password` varchar(50) NOT NULL,
  `gender` varchar(50) NOT NULL,
  `ip` varchar(50) NOT NULL,
  `created_on` timestamp NOT NULL DEFAULT CURRENT_TIMESTAMP,
  `participate_cnt` int(11) NOT NULL,
  `status` int(1) NOT NULL,
  PRIMARY KEY (`id`)
) ENGINE=MyISAM  DEFAULT CHARSET=latin1 AUTO_INCREMENT=109 ;

--
-- Dumping data for table `planner_users`
--

INSERT INTO `planner_users` (`id`, `fb_id`, `name`, `first_name`, `last_name`, `user_name`, `user_email`, `user_password`, `gender`, `ip`, `created_on`, `participate_cnt`, `status`) VALUES
(1, NULL, NULL, '', '', 'ajoydhas', 'ajoydhas@gmail.com', 'YWpheQ==', '', '123.63.26.100', '2014-11-03 16:30:31', 0, 1),
(2, NULL, NULL, '', '', 'Ramsundar', 'pramsundar@interaktmail.com', 'SXRrdEAxMjM=', '', '116.212.183.148', '2014-11-07 16:08:14', 0, 1),
(3, '1504780776448655', NULL, 'Prasad', 'Marriott', 'Prasad', 'weddingsmarriott@gmail.com', 'UHJhc2Fk', '', '123.63.26.100', '2014-11-11 16:16:15', 0, 1),
(4, NULL, NULL, '', '', 'Karthik', 'rkarthik@interaktco.com', 'SXRrdEAxMjM0', '', '123.63.26.100', '2015-01-22 10:57:30', 0, 1),
(5, '815675448505914', NULL, 'Dhas', 'Amirtharaj', 'Dhas', 'aajoydhas@interaktmail.com', 'RGhhcw==', '', '123.63.26.100', '2015-01-22 12:15:38', 0, 1),
(6, '1529874360607157', NULL, 'Karthik', 'Ranganathan', 'Karthik', 'int.karthikr1@gmail.com', 'S2FydGhpaw==', '', '123.63.26.100', '2015-01-22 14:14:13', 0, 1),
(7, '10152807971374690', NULL, 'Rekha', 'Dighe', 'Rekha', 'rekha.dighe@gmail.com', 'UmVraGE=', '', '182.48.193.122', '2015-01-23 10:07:38', 0, 1),
(8, '10153130358601983', NULL, 'Prasad', 'Iyer', 'Prasad', 'pprasadiyer@gmail.com', 'UHJhc2Fk', '', '116.50.59.180', '2015-02-13 13:27:30', 0, 1),
(9, '10153166466827400', NULL, 'Ramesh', 'Daryanani', 'Ramesh', 'ramesh_ad@mail.com', 'UmFtZXNo', '', '116.50.59.180', '2015-02-13 13:34:20', 0, 1),
(10, NULL, NULL, '', '', 'karthik', 'rkarthik@interaktmail.com', 'SXRrdEAxMjM0', '', '123.63.26.100', '2015-02-23 15:42:19', 0, 1),
(11, NULL, NULL, '', '', 'Sourav', 'bsourav@interaktmail.com', 'SXRrdEAxMjM0', '', '123.63.26.100', '2015-02-24 09:52:13', 0, 1),
(12, '590907827710862', NULL, 'Rajkumar', 'CM', 'Rajkumar', 'cmrajkumar@interaktco.com', 'UmFqa3VtYXI=', '', '116.212.183.147', '2015-02-24 12:32:44', 0, 1),
(13, '962413827104816', NULL, 'Thyaga', 'DaVinci', 'Thyaga', 'thy4g4@gmail.com', 'VGh5YWdh', '', '123.63.26.100', '2015-02-24 15:27:01', 0, 1),
(14, '765361176893855', NULL, 'Mohamed', 'Musa', 'Mohamed', 'smusammil@interaktco.com', 'TW9oYW1lZA==', '', '116.212.183.147', '2015-02-24 18:59:14', 0, 1),
(15, NULL, NULL, '', '', 'Mohamed', 'mohamed.musammil@gmail.com', 'aXRrdDEyMw==', '', '116.212.183.147', '2015-03-02 17:19:32', 0, 1),
(16, NULL, NULL, '', '', 'Arun', 'darkni8army@gmail.com', 'd2F6enVw', '', '106.51.8.39', '2015-03-09 15:54:38', 0, 1),
(17, NULL, NULL, '', '', 'kartik', 'kapadia.kartik82@gmail.com', 'OTgyMDIyOTU4MQ==', '', '202.177.242.144', '2015-03-09 16:38:23', 0, 1),
(18, '10153206037934743', NULL, 'Nirav', 'Parekh', 'Nirav', 'parekn@gmail.com', 'TmlyYXY=', '', '182.72.59.130', '2015-03-19 12:57:47', 0, 1),
(19, NULL, NULL, '', '', 'gauri', 'gauri.sharma@marriott.com', 'bWFsZ3VkaWRheXMxMw==', '', '116.50.59.180', '2015-04-09 15:03:12', 0, 1),
(20, '882045278517569', NULL, 'Arun', 'Varadarajan', 'Arun', 'darkni8army@gmail.com', 'QXJ1bg==', '', '116.212.183.147', '2015-04-16 15:37:54', 0, 1),
(21, '10152746363027105', NULL, 'Jinesh', 'Shah', 'Jinesh', 'jineshshah1@googlemail.com', 'SmluZXNo', '', '5.69.80.128', '2015-05-10 06:47:34', 0, 1),
(22, '10152971408037677', NULL, 'Stephanie', 'Gururani', 'Stephanie', 'stephaniedsilva@hotmail.com', 'U3RlcGhhbmll', '', '116.50.59.180', '2015-06-04 11:41:54', 0, 1),
(23, '10155606921770627', NULL, 'Shradha', 'Deshpande', 'Shradha', 'shradhadeshpande@hotmail.com', 'U2hyYWRoYQ==', '', '116.50.59.180', '2015-06-04 11:43:56', 0, 1),
(24, '823426701074633', NULL, 'Kavitha', 'Ratna', 'Kavitha', 'singareddy.kavitha@gmail.com', 'S2F2aXRoYQ==', '', '117.199.243.239', '2015-06-10 22:42:07', 0, 1),
(25, '10155660365420368', NULL, 'Karan', 'Bhagia', 'Karan', 'karan.bhagia@gmail.com', 'S2FyYW4=', '', '183.87.133.138', '2015-06-12 11:19:40', 0, 1),
(26, '10153282064578820', NULL, 'Payal', 'Shah', 'Payal', 'payal6590@hotmail.com', 'UGF5YWw=', '', '116.50.59.180', '2015-06-15 11:53:42', 0, 1),
(27, '861659733881487', NULL, 'Mukarram', 'Tailor', 'Mukarram', 'mukarramtailor.02@gmail.com', 'TXVrYXJyYW0=', '', '120.56.173.202', '2015-06-24 16:24:41', 0, 1),
(28, '10153065609939385', NULL, 'Meetali', 'Singh', 'Meetali', 'meetalichauhan@gmail.com', 'TWVldGFsaQ==', '', '117.192.99.84', '2015-06-25 23:44:23', 0, 1),
(29, '893098134081708', NULL, 'Safrin', 'Patil', 'Safrin', 'safrinpatil@gmail.com', 'U2Fmcmlu', '', '124.155.242.178', '2015-06-26 15:37:24', 0, 1),
(30, '10152825196657251', NULL, 'Alok', 'Agarwal', 'Alok', 'alok.groups@gmail.com', 'QWxvaw==', '', '202.91.134.7', '2015-06-26 17:20:59', 0, 1),
(31, '10153461985099292', NULL, 'Shashank', 'Roy', 'Shashank', 'shashankshekharroy@yahoo.co.in', 'U2hhc2hhbms=', '', '122.161.248.54', '2015-06-28 13:46:03', 0, 1),
(32, '924515157609954', NULL, 'Yashodhan', 'Bhor', 'Yashodhan', 'djyasho@gmail.com', 'WWFzaG9kaGFu', '', '116.75.149.108', '2015-06-30 11:06:20', 0, 1),
(33, '10153388514985149', NULL, 'Arpita', 'Mathur', 'Arpita', 'arpi105@gmail.com', 'QXJwaXRh', '', '192.71.175.2', '2015-06-30 16:26:35', 0, 1),
(34, '1652496821631871', NULL, 'Mohammad', 'Abdulbari', 'Mohammad', 'mohammadabdulbari94@yahoo.com', 'TW9oYW1tYWQ=', '', '175.101.61.196', '2015-06-30 21:10:53', 0, 1),
(35, '769596053156838', NULL, 'Rajan', 'Vagal', 'Rajan', 'rajan_piano@rediffmail.com', 'UmFqYW4=', '', '59.181.105.126', '2015-07-02 16:02:18', 0, 1),
(36, '10153052757321551', NULL, 'Tejashree', 'Kokane', 'Tejashree', 'teakok@gmail.com', 'VGVqYXNocmVl', '', '121.243.226.244', '2015-07-02 17:34:29', 0, 1),
(37, '1203648779660659', NULL, 'Kalu Charan', 'Parida', 'Kalu Charan', 'kalucharanparida243@gmail.com', 'S2FsdSBDaGFyYW4=', '', '103.46.239.166', '2015-07-02 18:00:26', 0, 1),
(38, '920537101338598', NULL, 'Deepak', 'Jain', 'Deepak', 'djain4482@gmail.com', 'RGVlcGFr', '', '120.60.3.252', '2015-07-03 00:23:38', 0, 1),
(39, '10155697757295005', NULL, 'Synaica', 'Pinto', 'Synaica', 'synaica_pinto@hotmail.com', 'U3luYWljYQ==', '', '103.52.126.119', '2015-07-03 12:53:56', 0, 1),
(40, '825386584197447', NULL, 'Manish', 'Gupta', 'Manish', 'manish.gupta2010@rediffmail.com', 'TWFuaXNo', '', '116.202.70.85', '2015-07-03 22:13:07', 0, 1),
(41, '729623467148306', NULL, 'Hitesh', 'Ahlawat', 'Hitesh', 'hitesh.ahlawat@rediffmail.com', 'SGl0ZXNo', '', '27.97.251.205', '2015-07-04 06:30:27', 0, 1),
(42, '808670522582237', NULL, 'Neha', 'Singh', 'Neha', 'leonehasingh84@gmail.com', 'TmVoYQ==', '', '182.58.3.22', '2015-07-04 19:35:51', 0, 1),
(43, '950068241716026', NULL, 'Shweta', 'Shrivastava', 'Shweta', 'shweta.shrivastwa@gmail.com', 'U2h3ZXRh', '', '115.118.105.175', '2015-07-04 21:43:59', 0, 1),
(44, '10207416528959394', NULL, 'Pankaj', 'Mathur', 'Pankaj', 'mpankaj@hotmail.com', 'UGFua2Fq', '', '103.43.112.97', '2015-07-06 15:47:57', 0, 1),
(45, '626682034135848', NULL, 'Amit', 'Ghosh', 'Amit', 'ametalways@live.in', 'QW1pdA==', '', '183.83.133.63', '2015-07-07 09:04:00', 0, 1),
(46, '10206261700134220', NULL, 'Rohaan', 'Jadhav', 'Rohaan', 'rohan.adsyndicate@gmail.com', 'Um9oYWFu', '', '114.79.157.99', '2015-07-07 18:21:58', 0, 1),
(47, '10153385525335891', NULL, 'Prashansa', 'Poddar', 'Prashansa', 'poddarprashansa@gmail.com', 'UHJhc2hhbnNh', '', '122.176.253.64', '2015-07-09 14:28:53', 0, 1),
(48, '10155815056320301', NULL, 'Kinneri', 'Kumar', 'Kinneri', 'kinneri.kumar@gmail.com', 'S2lubmVyaQ==', '', '116.50.59.180', '2015-07-10 10:02:18', 0, 1),
(49, '10153556468434736', NULL, 'Debadyuti', 'Maiti', 'Debadyuti', 'debadyutimaiti@gmail.com', 'RGViYWR5dXRp', '', '122.171.109.123', '2015-07-12 20:07:13', 0, 1),
(50, '921257261246141', NULL, 'Harpreet', 'Thukral', 'Harpreet', 'thukral.hp@gmail.com', 'SGFycHJlZXQ=', '', '182.64.222.95', '2015-07-14 18:54:54', 0, 1),
(51, '10153531588094850', NULL, 'Manik', 'Pandhi', 'Manik', 'wacky_wild_manik@yahoo.co.in', 'TWFuaWs=', '', '27.255.138.191', '2015-07-16 12:58:23', 0, 1),
(52, '1159240294092759', NULL, 'Rahul', 'Tiwary', 'Rahul', 'tiwary.rahul6410@gmail.com', 'UmFodWw=', '', '155.201.35.70', '2015-07-20 16:08:04', 0, 1),
(53, '829373413812757', NULL, 'Nagabhushan', 'India', 'Nagabhushan', 'nagabhushan@rediffmail.com', 'TmFnYWJodXNoYW4=', '', '117.218.106.31', '2015-07-31 13:45:18', 0, 1),
(54, '10207130906851978', NULL, 'Sanjay', 'Acharya', 'Sanjay', 'chrysnjy@yahoo.co.in', 'U2FuamF5', '', '120.59.41.130', '2015-08-14 12:59:07', 0, 1),
(55, '514617508688694', NULL, 'Esdas', 'Km', 'Esdas', 'esdaskm@gmail.com', 'RXNkYXM=', '', '117.215.216.14', '2015-08-14 13:03:06', 0, 1),
(56, '822235087897554', NULL, 'Chunilal', 'Gupta', 'Chunilal', 'san32777@yahoo.com', 'Q2h1bmlsYWw=', '', '120.138.121.186', '2015-08-14 13:39:18', 0, 1),
(57, '1014548568570066', NULL, 'Lalit', 'Kapur', 'Lalit', 'ca_lalit@yahoo.co.in', 'TGFsaXQ=', '', '59.180.24.60', '2015-08-14 13:50:29', 0, 1),
(58, '1060181390683185', NULL, 'Tarun', 'Agarwal', 'Tarun', 'vishaltarun@yahoo.com', 'VGFydW4=', '', '59.89.54.186', '2015-08-14 16:22:20', 0, 1),
(59, '511653705658646', NULL, 'Ram', 'SWesolve', 'Ram', 'ram.wesolve@yahoo.com', 'UmFt', '', '117.192.181.3', '2015-08-14 17:04:41', 0, 1),
(60, '10153552037562855', NULL, 'Kausar', 'Khan', 'Kausar', 'khushi_1heart@yahoo.com', 'S2F1c2Fy', '', '43.241.29.234', '2015-08-14 18:14:44', 0, 1),
(61, '665578056876971', NULL, 'Anusha', 'Rao', 'Anusha', 'currly_vimmy@yahoo.co.in', 'QW51c2hh', '', '14.96.112.144', '2015-08-14 21:57:00', 0, 1),
(62, '1153755267974556', NULL, 'Santosh', 'Jadhav', 'Santosh', 'santosh.jadhav09@gmail.com', 'U2FudG9zaA==', '', '106.66.192.165', '2015-08-15 13:40:10', 0, 1),
(63, '1100620996633550', NULL, 'Ganesh', 'Elumalai', 'Ganesh', 'ganesh_malai83@yahoo.co.in', 'R2FuZXNo', '', '219.64.68.180', '2015-08-15 14:40:10', 0, 1),
(64, '10206827159455229', NULL, 'Kuku', 'Arora', 'Kuku', 'kuku_s_arora@yahoo.com', 'S3VrdQ==', '', '116.203.42.174', '2015-08-15 18:25:22', 0, 1),
(65, '10203288130402278', NULL, 'Rakesh', 'Shukla', 'Rakesh', 'rshukla60@yahoo.com', 'UmFrZXNo', '', '117.222.205.87', '2015-08-15 19:53:24', 0, 1),
(66, '1060401073971198', NULL, 'Preety', 'Patidar', 'Preety', 'preety.patidar@yahoo.in', 'UHJlZXR5', '', '182.58.164.184', '2015-08-16 12:57:07', 0, 1),
(67, '722515701187974', NULL, 'Dinesh', 'Khandelwal', 'Dinesh', 'dinesh_khandelwal46@yahoo.co.in', 'RGluZXNo', '', '120.59.91.252', '2015-08-16 13:38:47', 0, 1),
(68, '1019240641454567', NULL, 'Aklesh', 'Jain', 'Aklesh', 'jain_traders1988@yahoo.com', 'QWtsZXNo', '', '103.245.49.178', '2015-08-16 13:49:30', 0, 1),
(69, '10206488692028496', NULL, 'Gulzari', 'Khetarpal', 'Gulzari', 'gulzarikpal@yahoo.co.in', 'R3VsemFyaQ==', '', '122.161.209.16', '2015-08-16 17:35:13', 0, 1),
(70, '1125203307494125', NULL, 'Thrinath', 'Kumar', 'Thrinath', 'ajanthaache@yahoo.com', 'VGhyaW5hdGg=', '', '122.174.103.14', '2015-08-17 11:31:27', 0, 1),
(71, '785008238278355', NULL, 'Shivani', 'Sharma', 'Shivani', 'geetika_57@yahoo.com', 'U2hpdmFuaQ==', '', '117.237.60.244', '2015-08-17 13:29:55', 0, 1),
(72, '1000762896631287', NULL, 'Sandeep', 'Sugandh', 'Sandeep', 'sandeepsugandh@yahoo.com', 'U2FuZGVlcA==', '', '223.29.193.158', '2015-08-17 14:17:44', 0, 1),
(73, '1029932070390911', NULL, 'Nitin', 'Moolchandani', 'Nitin', 'nitin4bricks@yahoo.in', 'Tml0aW4=', '', '122.175.245.96', '2015-08-17 16:10:23', 0, 1),
(74, '10153656046005962', NULL, 'Pallav', 'Goel', 'Pallav', 'pallavgoel92@yahoo.com', 'UGFsbGF2', '', '106.201.247.205', '2015-08-17 16:26:03', 0, 1),
(75, '948321635211109', NULL, 'Jayant', 'Patel', 'Jayant', 'jspa@hzw.ltindia.com', 'SmF5YW50', '', '67.8.119.229', '2015-08-17 17:25:45', 0, 1),
(76, '10156155247455495', NULL, 'Kunal', 'Bassi', 'Kunal', 'kunalbassi@gmail.com', 'S3VuYWw=', '', '64.233.173.161', '2015-08-21 09:09:24', 0, 1),
(77, '10206917605554538', NULL, 'Tapan', 'Joshi', 'Tapan', 'tapan_joshi1212@yahoo.co.in', 'VGFwYW4=', '', '94.205.120.29', '2015-08-21 18:26:40', 0, 1),
(78, '10153158229182685', NULL, 'Bernice', 'Fernandes', 'Bernice', 'sweetbn4u@yahoo.com', 'QmVybmljZQ==', '', '183.87.255.62', '2015-08-23 17:23:17', 0, 1),
(79, '10152946942472554', NULL, 'Sumit', 'Vij', 'Sumit', 'mr.sumitvij@yahoo.com', 'U3VtaXQ=', '', '182.64.193.131', '2015-08-25 16:58:36', 0, 1),
(80, '961534123906023', NULL, 'Ankita', 'Dwivedi', 'Ankita', 'ankita2dwivedi@gmail.com', 'QW5raXRh', '', '122.162.16.35', '2015-08-25 17:13:07', 0, 1),
(81, '988064694549473', NULL, 'Rewa', 'Kandi', 'Rewa', 'reva.kandi@gmail.com', 'UmV3YQ==', '', '116.50.59.180', '2015-09-07 17:31:31', 0, 1),
(82, '10156137038645117', NULL, 'Kruttika', 'Nadig', 'Kruttika', 'kruttika17@gmail.com', 'S3J1dHRpa2E=', '', '116.75.18.220', '2015-10-27 18:28:31', 0, 1),
(83, '918884364815278', NULL, 'Shailendra', 'Dwivedi', 'Shailendra', 'talk_sd2006@yahoo.co.in', 'U2hhaWxlbmRyYQ==', '', '107.0.237.20', '2015-10-29 15:31:35', 0, 1),
(84, '10153823831209729', NULL, 'Rohit', 'Jassal', 'Rohit', 'rohitjassal13@gmail.com', 'Um9oaXQ=', '', '99.240.160.94', '2015-11-16 00:39:50', 0, 1),
(85, '10208114731935150', NULL, 'Aalim', 'Mulji', 'Aalim', 'rocking_aalim@hotmail.com', 'QWFsaW0=', '', '43.231.236.166', '2015-11-17 11:53:24', 0, 1),
(86, '10154569229678881', NULL, 'Manpreet', 'Singh', 'Manpreet', 'mannu2626@gmail.com', 'TWFucHJlZXQ=', '', '49.248.248.22', '2015-11-23 20:11:30', 0, 1),
(87, '10153940502114728', NULL, 'Sanjay', 'Thomas', 'Sanjay', 'thomassanjay@hotmail.com', 'U2FuamF5', '', '114.143.251.144', '2015-12-09 14:45:13', 0, 1),
(88, '10153829473953497', NULL, 'Nikhil', 'Dixit', 'Nikhil', 'nik.dixit@gmail.com', 'TmlraGls', '', '106.77.5.78', '2016-01-05 19:42:53', 0, 1),
(89, '1154660344552058', NULL, 'Tejas', 'Shah', 'Tejas', 'tejas_shah6@yahoo.com', 'VGVqYXM=', '', '1.23.76.58', '2016-01-11 18:24:49', 0, 1),
(90, '1066571166726925', NULL, 'Rohit', 'Pratapwar', 'Rohit', 'pratapwarrohit13@live.com', 'Um9oaXQ=', '', '182.70.76.194', '2016-01-30 15:30:39', 0, 1),
(91, '', NULL, '', '', '', '', '', '', '174.129.228.67', '2016-02-02 23:57:22', 0, 1),
(92, '10205772850545621', NULL, 'Saurabh', 'KUlkarni', 'Saurabh', 'coolsrk.reborn@gmail.com', 'U2F1cmFiaA==', '', '24.4.155.72', '2016-02-04 10:53:38', 0, 1),
(93, '1144347782250272', NULL, 'Rohin', 'Mathews', 'Rohin', 'rohinmathews85@hotmail.com', 'Um9oaW4=', '', '182.69.185.67', '2016-03-07 15:34:56', 0, 1),
(94, '10153315439752063', NULL, 'Komal', 'Bhatia', 'Komal', 'bhatiakomal03@gmail.com', 'S29tYWw=', '', '27.106.39.110', '2016-03-17 15:12:50', 0, 1),
(95, '10154240530913109', NULL, 'Megha', 'Ajgaonkar', 'Megha', 'vidmegha@yahoo.co.in', 'TWVnaGE=', '', '116.50.59.180', '2016-04-02 13:00:15', 0, 1),
(96, '10153485198351717', NULL, 'Smriti', 'Dewan', 'Smriti', 'smriti_dew@yahoo.co.in', 'U21yaXRp', '', '115.166.129.110', '2016-04-25 11:33:35', 0, 1),
(97, '1119898681394528', NULL, 'Ishani', 'Chander', 'Ishani', 'chander.ishani@gmail.com', 'SXNoYW5p', '', '115.249.243.194', '2016-05-04 12:43:06', 0, 1),
(98, '1256753824349867', NULL, 'Rhythm', 'Dawar', 'Rhythm', 'rhythm.dawar89@gmail.com', 'Umh5dGht', '', '174.0.21.59', '2016-05-24 09:05:40', 0, 1),
(99, '10205019776372943', NULL, 'Ashwin', 'Pasari', 'Ashwin', 'ashwin491@rediffmail.com', 'QXNod2lu', '', '182.70.233.164', '2016-06-11 09:46:32', 0, 1),
(100, '830967633705142', NULL, 'Anura', 'Mahajan', 'Anura', 'anuramahajan28@gmail.com', 'QW51cmE=', '', '122.161.25.24', '2016-06-15 02:22:17', 0, 1),
(101, '10208644074686893', NULL, 'Mohita', 'Agrawal', 'Mohita', 'mohita25@gmail.com', 'TW9oaXRh', '', '116.50.59.180', '2016-06-23 09:10:29', 0, 1),
(102, '10154470056397018', NULL, 'Heeta', 'Vithalani', 'Heeta', 'heeta237@gmail.com', 'SGVldGE=', '', '69.114.82.42', '2016-06-25 09:51:15', 0, 1),
(103, '10208490304748594', NULL, 'Sameer', 'Jalali', 'Sameer', 'jalalisameer87@gmail.com', 'U2FtZWVy', '', '123.252.252.148', '2016-07-02 13:09:48', 0, 1),
(104, '10153804490498494', NULL, 'Prabhat', 'Srivastava', 'Prabhat', 'contact.prabhat@gmail.com', 'UHJhYmhhdA==', '', '49.248.205.196', '2016-07-24 14:01:56', 0, 1),
(105, '10157240345240024', NULL, 'Bhavya', 'Mohan', 'Bhavya', 'bhavya10@hotmail.com', 'Qmhhdnlh', '', '182.57.227.144', '2016-08-15 22:22:10', 0, 1),
(106, '10154410796767090', NULL, 'Yuteka', 'Trripati', 'Yuteka', 'yuteka005@yahoo.co.in', 'WXV0ZWth', '', '219.91.152.86', '2016-08-18 22:09:26', 0, 1),
(107, '10157350876155564', NULL, 'Niket', 'Mehra', 'Niket', 'mehra.niket@gmail.com', 'TmlrZXQ=', '', '1.39.8.204', '2016-08-30 00:48:16', 0, 1),
(108, '1041499995957312', NULL, 'Dasari Lakshmi Sivarama', 'Prasad', 'Dasari Lakshmi Sivarama', 'prasaddls1@gmail.com', 'RGFzYXJpIExha3NobWkgU2l2YXJhbWE=', '', '103.12.119.134', '2016-08-30 17:08:34', 0, 1);

-- --------------------------------------------------------

--
-- Table structure for table `planner_users_history`
--

CREATE TABLE IF NOT EXISTS `planner_users_history` (
  `id` int(11) NOT NULL AUTO_INCREMENT,
  `user_id` int(11) NOT NULL,
  `created_on` timestamp NOT NULL DEFAULT CURRENT_TIMESTAMP ON UPDATE CURRENT_TIMESTAMP,
  PRIMARY KEY (`id`),
  KEY `user_id` (`user_id`)
) ENGINE=MyISAM  DEFAULT CHARSET=latin1 AUTO_INCREMENT=193 ;

--
-- Dumping data for table `planner_users_history`
--

INSERT INTO `planner_users_history` (`id`, `user_id`, `created_on`) VALUES
(1, 1, '2014-11-03 16:30:31'),
(2, 1, '0000-00-00 00:00:00'),
(3, 1, '0000-00-00 00:00:00'),
(4, 1, '0000-00-00 00:00:00'),
(5, 2, '2014-11-07 16:08:14'),
(6, 1, '0000-00-00 00:00:00'),
(7, 1, '0000-00-00 00:00:00'),
(8, 1, '0000-00-00 00:00:00'),
(9, 3, '2014-11-11 16:16:15'),
(10, 3, '2014-11-11 16:53:32'),
(11, 1, '0000-00-00 00:00:00'),
(12, 1, '0000-00-00 00:00:00'),
(13, 4, '2015-01-22 10:57:30'),
(14, 4, '0000-00-00 00:00:00'),
(15, 5, '2015-01-22 12:15:38'),
(16, 6, '2015-01-22 14:14:13'),
(17, 7, '2015-01-23 10:07:38'),
(18, 8, '2015-02-13 13:27:30'),
(19, 9, '2015-02-13 13:34:20'),
(20, 10, '2015-02-23 15:42:19'),
(21, 11, '2015-02-24 09:52:13'),
(22, 11, '0000-00-00 00:00:00'),
(23, 11, '0000-00-00 00:00:00'),
(24, 11, '0000-00-00 00:00:00'),
(25, 12, '2015-02-24 12:32:44'),
(26, 12, '2015-02-24 12:33:56'),
(27, 12, '2015-02-24 14:26:45'),
(28, 6, '2015-02-24 14:27:13'),
(29, 1, '0000-00-00 00:00:00'),
(30, 13, '2015-02-24 15:27:01'),
(31, 14, '2015-02-24 18:59:14'),
(32, 1, '0000-00-00 00:00:00'),
(33, 14, '2015-02-24 19:20:12'),
(34, 14, '2015-02-24 19:30:51'),
(35, 1, '0000-00-00 00:00:00'),
(36, 8, '2015-02-25 10:56:00'),
(37, 8, '2015-02-25 11:08:34'),
(38, 8, '2015-02-25 11:26:22'),
(39, 14, '2015-02-25 11:58:58'),
(40, 8, '2015-02-25 12:13:38'),
(41, 1, '0000-00-00 00:00:00'),
(42, 11, '0000-00-00 00:00:00'),
(43, 11, '0000-00-00 00:00:00'),
(44, 14, '2015-02-25 15:21:39'),
(45, 8, '2015-02-25 17:53:15'),
(46, 13, '2015-02-26 15:17:25'),
(47, 6, '2015-02-27 13:36:10'),
(48, 7, '2015-03-02 15:06:41'),
(49, 13, '2015-03-02 16:24:10'),
(50, 15, '2015-03-02 17:19:32'),
(51, 15, '0000-00-00 00:00:00'),
(52, 15, '0000-00-00 00:00:00'),
(53, 7, '2015-03-03 15:06:51'),
(54, 15, '0000-00-00 00:00:00'),
(55, 7, '2015-03-03 15:17:37'),
(56, 7, '2015-03-03 15:31:38'),
(57, 7, '2015-03-03 15:31:38'),
(58, 7, '2015-03-03 15:49:12'),
(59, 9, '2015-03-03 16:04:09'),
(60, 9, '2015-03-05 14:56:20'),
(61, 6, '2015-03-06 16:11:58'),
(62, 13, '2015-03-09 15:21:56'),
(63, 13, '2015-03-09 15:45:12'),
(64, 16, '2015-03-09 15:54:38'),
(65, 16, '0000-00-00 00:00:00'),
(66, 17, '2015-03-09 16:38:23'),
(67, 13, '2015-03-09 18:34:19'),
(68, 13, '2015-03-09 18:44:36'),
(69, 13, '2015-03-09 18:51:36'),
(70, 13, '2015-03-10 10:35:51'),
(71, 7, '2015-03-10 12:57:41'),
(72, 13, '2015-03-10 16:21:45'),
(73, 13, '2015-03-12 14:58:21'),
(74, 18, '2015-03-19 12:57:47'),
(75, 8, '2015-04-06 15:04:59'),
(76, 15, '0000-00-00 00:00:00'),
(77, 19, '2015-04-09 15:03:12'),
(78, 1, '0000-00-00 00:00:00'),
(79, 20, '2015-04-16 15:37:54'),
(80, 1, '0000-00-00 00:00:00'),
(81, 7, '2015-05-07 11:25:47'),
(82, 8, '2015-05-08 14:45:07'),
(83, 21, '2015-05-10 06:47:34'),
(84, 1, '0000-00-00 00:00:00'),
(85, 1, '0000-00-00 00:00:00'),
(86, 1, '0000-00-00 00:00:00'),
(87, 1, '0000-00-00 00:00:00'),
(88, 7, '2015-05-22 12:39:24'),
(89, 1, '0000-00-00 00:00:00'),
(90, 1, '0000-00-00 00:00:00'),
(91, 1, '0000-00-00 00:00:00'),
(92, 22, '2015-06-04 11:41:54'),
(93, 23, '2015-06-04 11:43:56'),
(94, 8, '2015-06-04 16:47:50'),
(95, 24, '2015-06-10 22:42:07'),
(96, 25, '2015-06-12 11:19:40'),
(97, 26, '2015-06-15 11:53:42'),
(98, 27, '2015-06-24 16:24:41'),
(99, 28, '2015-06-25 23:44:23'),
(100, 29, '2015-06-26 15:37:24'),
(101, 30, '2015-06-26 17:20:59'),
(102, 31, '2015-06-28 13:46:03'),
(103, 32, '2015-06-30 11:06:20'),
(104, 33, '2015-06-30 16:26:35'),
(105, 34, '2015-06-30 21:10:53'),
(106, 35, '2015-07-02 16:02:18'),
(107, 36, '2015-07-02 17:34:29'),
(108, 37, '2015-07-02 18:00:26'),
(109, 38, '2015-07-03 00:23:38'),
(110, 39, '2015-07-03 12:53:56'),
(111, 39, '2015-07-03 12:53:56'),
(112, 40, '2015-07-03 22:13:07'),
(113, 41, '2015-07-04 06:30:27'),
(114, 42, '2015-07-04 19:35:51'),
(115, 43, '2015-07-04 21:43:59'),
(116, 44, '2015-07-06 15:47:57'),
(117, 45, '2015-07-07 09:04:00'),
(118, 46, '2015-07-07 18:21:58'),
(119, 47, '2015-07-09 14:28:53'),
(120, 48, '2015-07-10 10:02:18'),
(121, 49, '2015-07-12 20:07:13'),
(122, 50, '2015-07-14 18:54:54'),
(123, 51, '2015-07-16 12:58:23'),
(124, 52, '2015-07-20 16:08:04'),
(125, 53, '2015-07-31 13:45:18'),
(126, 54, '2015-08-14 12:59:07'),
(127, 55, '2015-08-14 13:03:06'),
(128, 56, '2015-08-14 13:39:18'),
(129, 57, '2015-08-14 13:50:29'),
(130, 58, '2015-08-14 16:22:20'),
(131, 59, '2015-08-14 17:04:41'),
(132, 60, '2015-08-14 18:14:44'),
(133, 61, '2015-08-14 21:57:00'),
(134, 61, '2015-08-14 22:40:34'),
(135, 62, '2015-08-15 13:40:10'),
(136, 63, '2015-08-15 14:40:10'),
(137, 64, '2015-08-15 18:25:22'),
(138, 65, '2015-08-15 19:53:24'),
(139, 66, '2015-08-16 12:57:07'),
(140, 67, '2015-08-16 13:38:47'),
(141, 68, '2015-08-16 13:49:30'),
(142, 69, '2015-08-16 17:35:13'),
(143, 70, '2015-08-17 11:31:27'),
(144, 71, '2015-08-17 13:29:55'),
(145, 72, '2015-08-17 14:17:44'),
(146, 54, '2015-08-17 15:18:55'),
(147, 73, '2015-08-17 16:10:23'),
(148, 74, '2015-08-17 16:26:03'),
(149, 75, '2015-08-17 17:25:45'),
(150, 76, '2015-08-21 09:09:24'),
(151, 77, '2015-08-21 18:26:40'),
(152, 78, '2015-08-23 17:23:17'),
(153, 79, '2015-08-25 16:58:36'),
(154, 80, '2015-08-25 17:13:07'),
(155, 81, '2015-09-07 17:31:31'),
(156, 82, '2015-10-27 18:28:31'),
(157, 83, '2015-10-29 15:31:35'),
(158, 84, '2015-11-16 00:39:50'),
(159, 85, '2015-11-17 11:53:24'),
(160, 86, '2015-11-23 20:11:30'),
(161, 87, '2015-12-09 14:45:13'),
(162, 88, '2016-01-05 19:42:53'),
(163, 89, '2016-01-11 18:24:49'),
(164, 19, '2016-01-13 12:48:55'),
(165, 8, '2016-01-14 16:45:01'),
(166, 90, '2016-01-30 15:30:39'),
(167, 81, '2016-02-01 14:35:56'),
(168, 82, '2016-02-01 22:56:21'),
(169, 91, '2016-02-02 23:57:22'),
(170, 92, '2016-02-04 10:53:38'),
(171, 91, '2016-02-09 18:10:56'),
(172, 93, '2016-03-07 15:34:56'),
(173, 94, '2016-03-17 15:12:50'),
(174, 8, '2016-03-29 12:55:35'),
(175, 95, '2016-04-02 13:00:15'),
(176, 6, '2016-04-05 14:17:30'),
(177, 96, '2016-04-25 11:33:35'),
(178, 97, '2016-05-04 12:43:06'),
(179, 97, '2016-05-04 12:43:06'),
(180, 98, '2016-05-24 09:05:40'),
(181, 99, '2016-06-11 09:46:32'),
(182, 100, '2016-06-15 02:22:17'),
(183, 101, '2016-06-23 09:10:29'),
(184, 101, '2016-06-23 09:38:33'),
(185, 102, '2016-06-25 09:51:15'),
(186, 103, '2016-07-02 13:09:48'),
(187, 104, '2016-07-24 14:01:56'),
(188, 105, '2016-08-15 22:22:10'),
(189, 106, '2016-08-18 22:09:26'),
(190, 107, '2016-08-30 00:48:16'),
(191, 108, '2016-08-30 17:08:34'),
(192, 106, '2016-09-03 22:26:48');

-- --------------------------------------------------------

--
-- Table structure for table `promotion_enquiry`
--

CREATE TABLE IF NOT EXISTS `promotion_enquiry` (
  `id` int(11) NOT NULL AUTO_INCREMENT,
  `promotion_id` int(11) NOT NULL,
  `hotel_id` int(11) NOT NULL,
  `title_id` int(11) NOT NULL,
  `first_name` varchar(255) NOT NULL,
  `last_name` varchar(255) NOT NULL,
  `mobile` varchar(30) NOT NULL,
  `event_dates` date NOT NULL,
  `no_of_guests` int(11) NOT NULL,
  `landline` varchar(30) NOT NULL,
  `email` varchar(255) NOT NULL,
  `created_on` timestamp NOT NULL DEFAULT CURRENT_TIMESTAMP ON UPDATE CURRENT_TIMESTAMP,
  `ip_address` varchar(50) NOT NULL,
  PRIMARY KEY (`id`),
  KEY `city_id` (`promotion_id`,`hotel_id`,`title_id`)
) ENGINE=InnoDB DEFAULT CHARSET=latin1 AUTO_INCREMENT=1 ;

--
-- Dumping data for table `promotion_enquiry`
--


-- --------------------------------------------------------

--
-- Table structure for table `promotion_master`
--

CREATE TABLE IF NOT EXISTS `promotion_master` (
  `id` int(11) NOT NULL AUTO_INCREMENT,
  `promotion_name` varchar(255) NOT NULL,
  `hotel_id` int(11) NOT NULL,
  PRIMARY KEY (`id`)
) ENGINE=InnoDB  DEFAULT CHARSET=latin1 AUTO_INCREMENT=5 ;

--
-- Dumping data for table `promotion_master`
--

INSERT INTO `promotion_master` (`id`, `promotion_name`, `hotel_id`) VALUES
(1, 'Spa Getaway', 1),
(2, 'Honeymoon Bliss', 10),
(3, 'JW Family Fun', 1),
(4, 'Couples only', 4);

-- --------------------------------------------------------

--
-- Table structure for table `users`
--

CREATE TABLE IF NOT EXISTS `users` (
  `id` int(11) NOT NULL AUTO_INCREMENT,
  `username` varchar(50) NOT NULL,
  `password` varchar(50) NOT NULL,
  `email` varchar(50) NOT NULL,
  `created_on` timestamp NOT NULL DEFAULT CURRENT_TIMESTAMP ON UPDATE CURRENT_TIMESTAMP,
  PRIMARY KEY (`id`)
) ENGINE=InnoDB DEFAULT CHARSET=latin1 AUTO_INCREMENT=1 ;

--
-- Dumping data for table `users`
--


-- --------------------------------------------------------

--
-- Table structure for table `users_profile`
--

CREATE TABLE IF NOT EXISTS `users_profile` (
  `id` int(11) NOT NULL AUTO_INCREMENT,
  `user_id` int(11) NOT NULL,
  `groom_name` varchar(50) NOT NULL,
  `groom_photo` varchar(100) NOT NULL,
  `bride_name` varchar(50) NOT NULL,
  `bride_photo` varchar(100) NOT NULL,
  `event_date` date NOT NULL,
  `no_of_guests` int(11) NOT NULL,
  `created_on` timestamp NOT NULL DEFAULT CURRENT_TIMESTAMP ON UPDATE CURRENT_TIMESTAMP,
  `modified_on` timestamp NOT NULL DEFAULT '0000-00-00 00:00:00',
  `ip_address` varchar(50) NOT NULL,
  PRIMARY KEY (`id`),
  KEY `user_id` (`user_id`)
) ENGINE=InnoDB DEFAULT CHARSET=latin1 AUTO_INCREMENT=1 ;

--
-- Dumping data for table `users_profile`
--


-- --------------------------------------------------------

--
-- Table structure for table `usertable`
--

CREATE TABLE IF NOT EXISTS `usertable` (
  `id` int(20) NOT NULL AUTO_INCREMENT,
  `fbid` bigint(20) NOT NULL,
  `fullname` varchar(60) NOT NULL,
  `email` varchar(60) NOT NULL,
  PRIMARY KEY (`id`)
) ENGINE=InnoDB DEFAULT CHARSET=latin1 AUTO_INCREMENT=1 ;

--
-- Dumping data for table `usertable`
--


-- --------------------------------------------------------

--
-- Table structure for table `user_details`
--

CREATE TABLE IF NOT EXISTS `user_details` (
  `ud_id` int(11) NOT NULL AUTO_INCREMENT,
  `ud_fb_id` varchar(50) DEFAULT NULL,
  `ud_fname` varchar(100) DEFAULT NULL,
  `ud_lname` varchar(100) DEFAULT NULL,
  `ud_user_name` varchar(100) DEFAULT NULL,
  `ud_email` varchar(255) NOT NULL,
  `ud_passw` varchar(50) NOT NULL,
  `ud_gender` varchar(50) NOT NULL,
  `ud_ip` varchar(50) NOT NULL,
  `ud_created_on` timestamp NOT NULL DEFAULT CURRENT_TIMESTAMP,
  `ud_participate_cnt` int(11) NOT NULL,
  `ud_status` int(1) NOT NULL,
  `ud_city` varchar(100) NOT NULL,
  `ud_mobile` varchar(20) NOT NULL,
  PRIMARY KEY (`ud_id`)
) ENGINE=InnoDB  DEFAULT CHARSET=latin1 AUTO_INCREMENT=147 ;

--
-- Dumping data for table `user_details`
--

INSERT INTO `user_details` (`ud_id`, `ud_fb_id`, `ud_fname`, `ud_lname`, `ud_user_name`, `ud_email`, `ud_passw`, `ud_gender`, `ud_ip`, `ud_created_on`, `ud_participate_cnt`, `ud_status`, `ud_city`, `ud_mobile`) VALUES
(1, NULL, '', '', 'ajoydhas', 'ajoydhas@gmail.com', 'YWpheQ==', '', '123.63.26.100', '2014-11-03 09:41:42', 0, 1, '', ''),
(2, '1504780776448655', 'Prasad', 'Marriott', 'Prasad', 'weddingsmarriott@gmail.com', 'UHJhc2Fk', '', '123.63.26.100', '2014-11-11 10:47:01', 0, 1, '', ''),
(3, NULL, '', '', 'ajay', 'aajoydhas@interaktmail.com', 'YWpheUAxMjM=', '', '116.212.183.147', '2014-12-11 05:24:54', 0, 1, '', ''),
(4, '815675448505914', 'Dhas', 'Amirtharaj', 'Dhas', 'aajoydhas@interaktmail.com', 'RGhhcw==', '', '123.63.26.100', '2015-01-22 06:45:55', 0, 1, '', ''),
(5, NULL, '', '', 'John', 'john.kenny@weddingsonline.in', 'am9objIwMTU=', '', '14.140.212.2', '2015-02-13 04:00:11', 0, 1, '', ''),
(6, '590907827710862', 'Rajkumar', 'CM', 'Rajkumar', 'cmrajkumar@interaktco.com', 'UmFqa3VtYXI=', '', '116.212.183.147', '2015-02-24 07:05:39', 0, 1, '', ''),
(7, '962413827104816', 'Thyaga', 'DaVinci', 'Thyaga', 'thy4g4@gmail.com', 'VGh5YWdh', '', '116.212.183.147', '2015-02-24 10:50:45', 0, 1, '', ''),
(8, '10153130358601983', 'Prasad', 'Iyer', 'Prasad', 'pprasadiyer@gmail.com', 'UHJhc2Fk', '', '116.50.59.180', '2015-02-25 06:02:32', 0, 1, '', ''),
(9, '10152807971374690', 'Rekha', 'Dighe', 'Rekha', 'rekha.dighe@gmail.com', 'UmVraGE=', '', '182.48.193.134', '2015-03-03 10:34:09', 0, 1, '', ''),
(10, '882045278517569', 'Arun', 'Varadarajan', 'Arun', 'darkni8army@gmail.com', 'QXJ1bg==', '', '116.212.183.147', '2015-04-16 10:07:42', 0, 1, '', ''),
(11, NULL, '', '', 'riaz shaikh', 'zairsufi786@gmail.com', 'aWxvdmV1c3VmaXlhbmE=', '', '116.50.59.180', '2015-05-08 07:07:49', 0, 1, '', ''),
(12, '910629482330251', 'Tara', 'Basawaraj', 'Tara', 'tarapatil101@gmail.com', 'VGFyYQ==', '', '202.83.29.54', '2015-05-29 05:36:35', 0, 1, '', ''),
(13, '1529874360607157', 'Karthik', 'Ranganathan', 'Karthik', 'int.karthikr1@gmail.com', 'S2FydGhpaw==', '', '123.63.26.100', '2015-01-22 08:44:13', 0, 1, '', ''),
(14, '10153166466827400', 'Ramesh', 'Daryanani', 'Ramesh', 'ramesh_ad@mail.com', 'UmFtZXNo', '', '116.50.59.180', '2015-02-13 08:04:20', 0, 1, '', ''),
(15, NULL, '', '', 'kartik', 'kapadia.kartik82@gmail.com', 'OTgyMDIyOTU4MQ==', '', '202.177.242.144', '2015-03-09 11:08:23', 0, 1, '', ''),
(16, '10153206037934743', 'Nirav', 'Parekh', 'Nirav', 'parekn@gmail.com', 'TmlyYXY=', '', '182.72.59.130', '2015-03-19 07:27:47', 0, 1, '', ''),
(17, NULL, '', '', 'gauri', 'gauri.sharma@marriott.com', 'bWFsZ3VkaWRheXMxMw==', '', '116.50.59.180', '2015-04-09 09:33:12', 0, 1, '', ''),
(18, '10152746363027105', 'Jinesh', 'Shah', 'Jinesh', 'jineshshah1@googlemail.com', 'SmluZXNo', '', '5.69.80.128', '2015-05-10 01:17:34', 0, 1, '', ''),
(19, '', 'sajan', 'mahendra', NULL, 'itssajan@gmail.com', 'Nzg1OA==', '', '116.212.183.147', '2015-05-30 14:12:41', 0, 1, 'chennai', '91-9895341410'),
(20, '', 'Karthik', 'R', NULL, 'rkarthik@interaktco.com', 'SXRrdEAxMjM0', '', '116.212.183.153', '2015-06-01 10:23:58', 0, 1, 'Chennai', '91-044-9840889177'),
(21, '', 'Prasad', 'Iyer', NULL, 'prasad.iyer@marriott.com', 'aG9rb2xpNTU1', '', '116.50.59.180', '2015-06-05 11:22:58', 0, 1, 'Mumbai', '91-22-9833911207'),
(22, '', 'Raisa', 'Ladji', NULL, 'raisa.ladji@gmail.com', 'cXdlcnR5b3Blbg==', '', '110.173.185.5', '2015-06-11 22:27:59', 0, 1, 'Mumbai', '91-9819031923'),
(23, '', 'Safrin', 'Patil', NULL, 'safrinpatil@gmail.com', 'c2FmcmltYW5vanBhbA==', '', '124.155.242.178', '2015-06-26 15:28:24', 0, 1, '', ''),
(24, '', 'raj', 'veer', NULL, 'my@gmailc.om', 'MTIzNDU2', '', '115.112.59.162', '2015-07-01 13:13:09', 0, 1, 'jaipur', '91-9414658252'),
(25, '', 'Nikita', 'Palkar', NULL, 'palkarnikita@ymail.com', 'bmlraW1hcmk2QA==', '', '116.75.166.209', '2015-07-01 15:45:13', 0, 1, '', ''),
(26, '', 'ankit', 'sharma', NULL, 'ankit.ashco@gmail.com', 'aWFteW91bmdAMDM=', '', '14.141.51.46', '2015-07-01 18:26:54', 0, 1, '', ''),
(27, '', 'zainab', 'raja', NULL, 'zainab.raja@marriott.com', 'emFpbmFicmFqYQ==', '', '116.50.59.180', '2015-07-02 14:30:48', 0, 1, '', ''),
(28, '', 'Sudhanshu', 'Singh', NULL, 'singhs1183@gmail.com', 'YXMxMjM0NTY=', '', '14.139.243.10', '2015-07-04 13:41:54', 0, 1, '', ''),
(29, '', 'priya', 'sharma', NULL, 'ps20372@gmail.com', 'cmFqYXN0aGFuMTk4Ng==', '', '59.97.204.113', '2015-07-05 16:40:41', 0, 1, '', ''),
(30, '', '', '', NULL, '', '', '', '118.140.38.2', '2015-07-05 21:24:41', 0, 1, '', ''),
(31, '', 'ravi', 'sharma', NULL, 'mhaveersharma39@gmail.com', 'Nzg0MDgyODcxMg==', '', '103.39.116.6', '2015-07-06 05:31:58', 0, 1, '', ''),
(32, '', 'rahul', 'kapur', NULL, 'rahul.kapur@gmail.com', 'Nzc3Nzc3Nzc3Nw==', '', '59.183.21.110', '2015-07-07 10:28:29', 0, 1, '', ''),
(33, '', 'Akshay', 'Kumar', NULL, 'kumarakshay86@gmail.com', 'OTc3MTc3ODc2Nw==', '', '117.212.55.231', '2015-07-07 11:42:56', 0, 1, 'Ludhiana', '91-0161-2672672'),
(34, '', 'Rajat', 'Pande', NULL, 'rajat.pande@marriott.com', 'MTIzNDU2', '', '64.233.173.238', '2015-07-07 13:40:39', 0, 1, '', ''),
(35, '', 'vishwanath', 'jaiswal', NULL, 'piyushjaiswal2006@gmail.com', 'ZXJnb2Z1Y2s=', '', '196.207.90.189', '2015-07-07 13:52:54', 0, 1, '', ''),
(36, '', 'abhinva', 'rajuya', NULL, 'abhipid@gmail.com', 'YWJoaW5hdjEwMA==', '', '120.59.198.74', '2015-07-08 15:54:18', 0, 1, '', ''),
(37, '763025477151042', 'Ayush', 'Bhargav', NULL, 'ayush.bhargavcool@gmail.com', '', '', '223.176.136.32', '2015-07-09 09:55:16', 0, 1, '', ''),
(38, '730407353736058', 'Jessica', 'Blox', NULL, 'jessica.blox@gmail.com', '', '', '115.110.83.173', '2015-07-09 15:57:09', 0, 1, '', ''),
(39, '', 'ekata', 'jha', NULL, 'ektaraj.jha@gmail.com', 'c3BpY2UxMjM=', '', '121.245.123.75', '2015-07-11 22:04:18', 0, 1, '', ''),
(40, '', 'satveer', 'gill', NULL, 'satveer.g1@gmail.com', 'c2F0dmVlcg==', '', '116.203.63.113', '2015-07-21 10:47:27', 0, 1, '', ''),
(41, '', 'Ravi', 'Gupta', NULL, 'ravi.gupta@oliveglobal.com', 'RlIxVVRTMTI=', '', '203.122.33.125', '2015-07-21 19:07:38', 0, 1, '', ''),
(42, '', 'Arshiya', 'Bagga', NULL, 'Arshiyabagga77@gmail.com', 'YXJzaGlhNDc3Nw==', '', '122.173.178.220', '2015-07-23 14:44:04', 0, 1, '', ''),
(43, '', 'aneez', 'anesh', NULL, 'aneeznair@gmail.com', 'bW90aGVydGhlcmVzYQ==', '', '122.178.174.41', '2015-07-23 18:29:25', 0, 1, '', ''),
(44, '', 'testingk', 'testerk', NULL, 'testerke12@gmail.com', 'a2FydGhpazEyMw==', '', '14.142.75.30', '2015-07-30 14:44:01', 0, 1, 'pune', '91-011-9878123212'),
(45, '10207637630917977', 'Vasudha', 'Bawa', NULL, 'vasudha.bandhu@gmail.com', '', '', '202.164.60.8', '2015-08-03 17:11:22', 0, 1, '', ''),
(46, '', 'sanjay', 'tulsyan', NULL, 'tulsyansanjay@yahoo.co.in', 'ZGFkaWtpamEx', '', '59.183.136.229', '2015-08-14 12:58:24', 0, 1, '', ''),
(47, '', 'suman', 'kumari', NULL, 'suman_n15@yahoo.com', 'c3VtYW4xMjM=', '', '124.30.138.14', '2015-08-14 14:09:30', 0, 1, 'mumbai', '91-022-8879620260'),
(48, '', 'Sumeet', 'Kalal', NULL, 'Sumeetkalal@yahoo.co.in', 'OTgxOTkwc2s=', '', '106.67.187.224', '2015-08-14 14:54:42', 0, 1, '', ''),
(49, '', 'JOSEPH', 'M J RAO', NULL, 'jmjrao1@yahoo.in', 'am1qcmFvMQ==', '', '202.65.144.4', '2015-08-14 15:28:35', 0, 1, '', ''),
(50, '', 'Sanjiva ', 'Sharma', NULL, 'sanjiva_sharma@yahoo.com', 'Y2FuY2VyNjE=', '', '103.27.171.64', '2015-08-14 16:14:36', 0, 1, '', ''),
(51, '', 'Rajkumar', 'mehrotra', NULL, 'rajkumar_mehrotra@yahoo.co.in', 'UmFqdTEyMw==', '', '120.63.37.211', '2015-08-14 18:04:47', 0, 1, 'Delhi', '91-22-9935543560'),
(52, '', 'uummer', 'farooque', NULL, 'uummerfarooivy@yahoo.com', 'YWxhbWVlbjEwMA==', '', '123.238.86.93', '2015-08-14 21:43:39', 0, 1, 'kochi', '91-0484-9388821407'),
(53, '', 'Asjad', 'Alvi', NULL, 'ar.asjadb@yahoo.co.in', 'cXdlcnR5dWlvcA==', '', '1.187.114.64', '2015-08-14 23:23:29', 0, 1, '', ''),
(54, '', 'Bhavesh', 'Choithani', NULL, 'bchoithani@yahoo.co.in', 'YmhhdmVzaA==', '', '103.20.29.52', '2015-08-15 00:52:04', 0, 1, '', ''),
(55, '', 'Kota', 'Madhu', NULL, 'ksmadhu12@gmail.com', 'c2lyaTEyMzQ=', '', '117.239.55.18', '2015-08-15 12:29:53', 0, 1, 'Hyderabad', '91-9581696753'),
(56, '', 'jagdeep', 'kumar', NULL, 'jagdeep.kumar61@yahoo.in', 'MjAwMzE5Njk=', '', '125.62.97.194', '2015-08-15 13:37:43', 0, 1, '', ''),
(57, '', 'Hemang', 'Kapadia', NULL, 'hemangpkapadia@yahoo.co.in', 'ZmFsZ3VuaTk5OQ==', '', '101.59.207.227', '2015-08-15 14:15:37', 0, 1, '', ''),
(58, '', 'Rohit', 'Jassal', NULL, 'rohitjassal13@gmail.com', 'TG92ZW15a2FuZWRhMDk4', '', '76.71.48.121', '2015-08-16 01:16:17', 0, 1, '', ''),
(59, '', 'rock Anthony', 'Fernandez', NULL, 'rockfernz23@yahoo.in', 'dmFsc2FzaGFyb24=', '', '223.227.96.75', '2015-08-16 21:08:39', 0, 1, 'Bengalur', '001-080-9945844566'),
(60, '', 'J', 'a', NULL, 'jitesh_sanghavi@yahoo.com', 'bWFycmlvdA==', '', '202.40.250.126', '2015-08-17 11:25:01', 0, 1, '', ''),
(61, '', 'pramod', 'mago', NULL, 'pkmago@yahoo.com', 'MDAwMDAwMzA=', '', '210.212.136.130', '2015-08-17 14:00:05', 0, 1, '', ''),
(62, '', 'anil kumar', 'parel', NULL, 'anilkumar.parel@yahoo.com', 'bWFuZHlhaHVkdWdh', '', '106.51.133.67', '2015-08-17 17:50:08', 0, 1, '', ''),
(63, '', 'nityabhushanam', 'angalakurti', NULL, 'nityan_9@yahoo.co.in', 'Y2hpa2thcA==', '', '223.196.18.237', '2015-08-17 19:49:10', 0, 1, '', ''),
(64, '', 'Raj', 'kumar', NULL, 'aartisinghanand27@gmail.com', 'dGVuMnRlbg==', '', '121.245.139.9', '2015-08-18 00:50:12', 0, 1, '', ''),
(65, '', 'Jasbir singh', 'Sethi', NULL, 'Jasbir_sethi2000@hotmail.com', 'bWFoaXBAMQ==', '', '43.225.192.34', '2015-08-18 02:34:34', 0, 1, 'Newdelhi', '91-11-9210031003'),
(66, '', 'VIBHUTI', 'KASHYAP', NULL, 'vibhutikashyap@yahoo.com', 'KjU0S2JoYXJ0aQ==', '', '59.95.141.56', '2015-08-18 19:03:20', 0, 1, '', ''),
(67, '', 'indira', 'ramesh', NULL, 'indira2247ramesh@gmail.com', 'ZGlyYTIyNDc=', '', '117.194.91.146', '2015-08-19 11:53:18', 0, 1, 'hyderabad', '23-32-8099312247'),
(68, '', 'Suku', 'Verghese', NULL, 'sukuverghese1@rediffmail.com', 'V2VsY29tZTEh', '', '182.48.247.154', '2015-08-19 14:39:49', 0, 1, '', ''),
(69, '', 'zuvariya', 'bagam', NULL, 'zuvariya968begam@gmail.com', 'enV2YTU5Njg=', '', '117.199.253.213', '2015-08-19 15:11:42', 0, 1, 'hyderabad', '203-23-7396945968'),
(70, '', 'sheela', 'nambiar', NULL, 'sheela781nambiar@gmail.com', 'YmlhcjI3ODE=', '', '59.93.113.188', '2015-08-19 16:58:57', 0, 1, 'hyderabad', '506-45-8099462781'),
(71, '', 'Arshad ', 'Khan', NULL, 'arshadhafeezkhan@gmail.com', 'YXJzaGFkXzI2ODU5NDU=', '', '183.87.54.90', '2015-08-19 17:09:08', 0, 1, '', ''),
(72, '', 'uma', 'rani', NULL, 'uma5355rani@gmail.com', 'cmFuaTUzNTU=', '', '117.199.254.1', '2015-08-19 18:02:54', 0, 1, 'hyderabad', '203-63-7396945355'),
(73, '', 'Anoop', 'Bellam', NULL, 'anoop.bellam44@gmail.com', 'OTcwNDc4ODE0Mw==', '', '154.118.29.10', '2015-08-20 07:46:37', 0, 1, '', ''),
(74, '', 'Test', 'test', NULL, 'test@test.com', 'dGVzdDEyMw==', '', '116.212.183.147', '2015-08-20 11:31:05', 0, 1, '', ''),
(75, '', 'yasoda', 'devi', NULL, 'yasoda0412devi@gmail.com', 'ZGV2aTA0MTI=', '', '117.241.247.88', '2015-08-20 12:03:13', 0, 1, 'hyderabad', '23-26-7569140412'),
(76, '', 'uma', 'maheswari', NULL, 'umamaheshwari028@gmail.com', 'ZGludTkwMjg=', '', '117.216.186.114', '2015-08-21 18:52:26', 0, 1, '', ''),
(77, '', 'gowri', 'keshub', NULL, 'gowrikeshub5283@gmail.com', 'Z293cjUyODM=', '', '59.91.20.18', '2015-08-22 12:00:05', 0, 1, '', ''),
(78, '', 'Swarana', 'lakshmi', NULL, 'swarnalakshmi8622@gmail.com', 'TGFrc2htaTg1MDY=', '', '117.216.188.241', '2015-08-22 15:41:09', 0, 1, '', ''),
(79, '', 'prema', 'sheakarn', NULL, 'preama3272rajashekaram@gmail.com', 'cmFqYTMyNzI=', '', '117.216.187.182', '2015-08-22 17:57:46', 0, 1, '', ''),
(80, '', 'neela', 'chandra', NULL, 'neela482chandran@gmail.com', 'bmVlbDE0ODI=', '', '59.91.23.4', '2015-08-24 11:41:37', 0, 1, '', ''),
(81, '', 'ramani', 'natarajan', NULL, 'natarajan793ramani@gmail.com', 'bmF0YTY3OTM=', '', '117.199.240.187', '2015-08-24 13:21:38', 0, 1, '', ''),
(82, '', 'jyothi', 'chandaarn', NULL, 'jyothi101chandala@gmail.com', 'ZGFsYTcxMDE=', '', '101.63.239.222', '2015-08-24 16:14:54', 0, 1, 'hyederabad', '20-26-8688797101'),
(83, '', 'jothi', 'kala', NULL, 'jothikala704@gmail.com', 'a2FsYTY3MDQ=', '', '115.241.43.115', '2015-08-24 18:08:21', 0, 1, '', ''),
(84, '', 'saritha', 'thiruvalan', NULL, 'saritha6647thiruvalan@gmail.com', 'dGhpcjY2NDc=', '', '59.93.119.138', '2015-08-25 11:19:49', 0, 1, '', ''),
(85, '', 'nandini', 'samraj', NULL, 'nandhinisamraj38@gmail.com', 'aGluaTMxMzg=', '', '59.91.21.70', '2015-08-25 13:04:40', 0, 1, '', ''),
(86, '', 'purushoth', 'M', NULL, 'mpn296@gmail.com', 'NDM4Mjk2', '', '107.170.160.231', '2015-08-25 13:39:00', 0, 1, 'coimbatore', '91-044-8870589836'),
(87, '', 'chandrakala', 'reddy', NULL, 'chandra569kala@gmail.com', 'a2FsYTU0Njk=', '', '117.199.246.80', '2015-08-25 15:44:40', 0, 1, '', ''),
(88, '', 'HISSAN', 'SHAH', NULL, 'shah.hissan93@gmail.com', 'ZnJhZ3JhbmNlOQ==', '', '202.160.170.12', '2015-08-25 16:32:09', 0, 1, '', ''),
(89, '', 'ARPIT', 'GOEL', NULL, 'monychemicals@yahoo.com', 'bWFub2o0Ng==', '', '122.177.4.123', '2015-09-05 12:43:37', 0, 1, 'GHAZIABAD', '91-9899070720'),
(90, '', 'Karishma', 'Mehrotra', NULL, 'devil_297@hotmail.com', 'Nzc4NmZmM2E=', '', '219.64.40.18', '2015-09-08 14:46:45', 0, 1, 'Mumbai', '91-022-23672457'),
(91, '', 'neetu', 'veer', NULL, 'neetuveer@gmail.com', 'MTIzNDU2Nzg=', '', '49.207.150.104', '2015-09-09 19:46:07', 0, 1, '', ''),
(92, '', 'Arvinder', 'Singh', NULL, 'whatis707@gmail.com', 'amV0a2luZzc=', '', '121.99.144.161', '2015-09-10 08:56:26', 0, 1, '', ''),
(93, '', 'D', 's', NULL, 'sandy2012200@gmail.com', 'YnJpc2s=', '', '115.66.9.180', '2015-09-10 19:39:01', 0, 1, '', ''),
(94, '', 'test', 'test', NULL, 'test@mailinator.com', 'bnNpaGFudGgxMjM=', '', '116.212.183.153', '2015-09-16 16:01:50', 0, 1, '', ''),
(95, '', 'abc', 'xyz', NULL, 'vthyagarajan@interaktmail.com', 'dGh5YWdhcmFqYW4=', '', '116.212.183.147', '2015-09-22 17:50:18', 0, 1, 'chennai', '91-44-9840037132'),
(96, '', 'vishal', 'rajani', NULL, 'rajanivishal@hotmail.com', 'd2VydHl1aW9w', '', '203.76.179.76', '2015-10-06 12:10:14', 0, 1, '', ''),
(97, '', 'Nikita', 'Amaidas ', NULL, 'Namaidas@yahoo.com', 'cGFuZGF5MjYwNA==', '', '197.78.166.111', '2015-10-07 10:26:39', 0, 1, '', ''),
(98, '1123342394360489', 'Nishanth', 'Ashok', NULL, 'nishanthashok@gmail.com', '', '', '116.212.183.153', '2015-10-23 19:01:45', 0, 1, '', ''),
(99, '', 'shikha', 'charadva', NULL, 'charadvas@gmail.com', 'QWJoaXNoZWt1Nzc=', '', '1.39.12.198', '2015-11-07 14:55:55', 0, 1, '', ''),
(100, '', 'Ravinder', 'Goel', NULL, 'rgoel2009@gmail.com', 'cmdvZWxAMTE=', '', '106.219.3.236', '2015-11-12 18:30:14', 0, 1, '', ''),
(101, '', 'AMARJIT', 'JASSAL', NULL, 'ajassalhsp@yahoo.com', 'YWphc3MxMzEz', '', '99.240.160.94', '2015-11-16 03:36:47', 0, 1, '', ''),
(102, '', 'Farook', 'N', NULL, 'nmfarook@interaktco.com', 'aXRrdDEyMw==', '', '116.212.183.147', '2015-11-18 10:50:20', 0, 1, 'Chennai', '91-44-4560087'),
(103, '', 'Zainab', 'Raja', NULL, 'zainabraja@gmail.com', 'emFpbmFiMTIzNA==', '', '116.50.59.180', '2015-11-30 09:23:41', 0, 1, '', ''),
(104, '', 'PUJA', 'PALLAVI', NULL, 'pujapallavi23@gmail.com', 'MTIzNDU=', '', '116.15.176.174', '2015-12-01 10:46:55', 0, 1, 'Mumbai', '91-73-87705599'),
(105, '', 'Subhashree ', 'Das', NULL, 'Subhashreedas@hotmail.com', 'TmVoYTIwNQ==', '', '223.176.189.123', '2015-12-20 01:00:09', 0, 1, '', ''),
(106, '', 'czcxzczxc', '', NULL, 'xzcxzcxcz@sdasds.c', 'c2FkYXNkYXNk', '', '116.212.183.147', '2015-12-21 14:13:08', 0, 1, '', ''),
(107, '', 'Arunkumar', 'Balraj', NULL, 'tamill.arun@gmail.com', 'YXJ1bmt1bWFy', '', '116.212.183.147', '2016-01-08 17:01:11', 0, 1, 'Trichy', '91-9677174743'),
(108, '', 'Aarlene ', 'Dsouza', NULL, 'dsouzaarlene12@gmail.com', 'Ym9tYmF5dmVsdmV0MjAxNQ==', '', '182.58.124.139', '2016-01-09 14:51:15', 0, 1, '', ''),
(109, '', 'Ab', 'C', NULL, 'abhinavpb10@gmail.com', 'cXp3eGVjMTA=', '', '183.83.51.244', '2016-01-13 00:37:34', 0, 1, '', ''),
(110, '946546848734344', 'Jayant', 'Paul', NULL, 'rydbergconstant@rocketmail.com', '', '', '116.212.183.147', '2016-01-18 14:12:07', 0, 1, '', ''),
(111, '', 'ansh', 'thapliyal', NULL, 'anshul_thapliyal@rediffmail.com', 'YW5zaHVs', '', '59.89.141.239', '2016-01-19 19:25:07', 0, 1, 'dehradun', '91-8909090451'),
(112, '', 'Kamlesh', 'Shah', NULL, 'kamleshsunita@hotmail.com', 'dmVlLzIwMTQvYmh1L3N1bg==', '', '182.58.2.32', '2016-01-21 18:04:51', 0, 1, '', ''),
(113, '', 'SAUMEN', 'DAS', NULL, 'masterblastersaumen@gmail.com', 'Ymx1ZXRvb3Ro', '', '117.205.167.79', '2016-02-20 19:15:09', 0, 1, '', ''),
(114, '', 'Test2', 'test', NULL, 'test2@mailinator.com', 'dGVzdDEyMw==', '', '116.212.183.147', '2016-03-23 09:26:32', 0, 1, 'Chennai', '91-9899989988'),
(115, '', 'Radhika', 'S', NULL, 'itkt.redickaa@gmail.com', 'c3Jqc3Jq', '', '115.114.191.20', '2016-03-29 06:24:53', 0, 1, 'Chennai', '91-9884042780'),
(116, '', 'Pooja', 'Daya', NULL, 'pooja.daya@courtyard.com', 'c3VtbWVyNjk=', '', '116.50.59.180', '2016-03-30 15:46:16', 0, 1, '', ''),
(117, '', 'deepshikha', 'walia', NULL, 'uwalide@gmail.com', 'Sm9objIwMDk=', '', '14.98.76.24', '2016-04-02 17:07:00', 0, 1, '', ''),
(118, '10153589404131267', 'Balaji', 'Sankara Saravanan', NULL, 'vbss75@gmail.com', '', '', '116.212.183.147', '2016-04-05 12:18:39', 0, 1, '', ''),
(119, '1111651998856152', 'Sonal', 'Kashyap', NULL, 'sonal_shines06@yahoo.com', '', '', '122.176.68.85', '2016-04-05 15:22:58', 0, 1, '', ''),
(120, '', '1', '1', NULL, '1', 'MQ==', '', '184.154.36.186', '2016-04-10 04:12:58', 0, 1, '', ''),
(121, '1078247765565572', 'Seo', 'Sage', NULL, 'seosageindia@gmail.com', '', '', '115.248.201.217', '2016-04-18 18:54:16', 0, 1, '', ''),
(122, '', 'Brijesh', 'Paleri', NULL, 'brijesh.paleri@gmail.com', 'YnJpeDAxMA==', '', '203.125.168.241', '2016-04-19 07:24:19', 0, 1, '', ''),
(123, '', 'Joe', 'Wadakathalakal', NULL, 'cesmed@umich.edu', 'MTYwd2VzdDcy', '', '96.239.34.203', '2016-05-04 07:34:05', 0, 1, '', ''),
(124, '10209343741570132', 'Ritu', 'Jugran', NULL, 'ritujugran@yahoo.com', '', '', '110.172.130.250', '2016-05-19 13:36:42', 0, 1, '', ''),
(125, '', 'Naga', 'Gujjari', NULL, 'gujjari.ns@gmail.com', 'TmFnYW1hbmkxOA==', '', '114.76.40.218', '2016-05-20 10:33:25', 0, 1, 'Melbourne ', '61-03-411499555'),
(126, '', 'saqib', 'sha', NULL, 'shahu123shahu@gmail.com', 'a2FyZWVuYTAwMQ==', '', '180.148.63.187', '2016-05-22 00:10:50', 0, 1, '', ''),
(127, '1361633687186143', 'Rasika', 'Rairikar-Chandekar', NULL, 'rasika.aaiba@gmail.com', '', '', '183.87.47.18', '2016-05-31 14:24:57', 0, 1, '', ''),
(128, '', 'Mounika', 'Miriam', NULL, 'miriammounika@gmail.com', 'bWFubmE3', '', '49.206.207.1', '2016-06-05 21:35:12', 0, 1, 'Hyderabad', '91-8801972439'),
(129, '', 'Kethaki', 'Nair', NULL, 'keki_687@hotmail.com', 'a2V0aGFraTE=', '', '96.239.34.203', '2016-06-06 03:56:22', 0, 1, '', ''),
(130, '1729200880656372', 'Swaha', 'Samantaray', NULL, 'swaharocks@gmail.com', '', '', '116.50.59.180', '2016-06-06 15:21:23', 0, 1, '', ''),
(131, '', 'Arun', 'V', NULL, 'varun@interaktmail.com', 'd2F6enVw', '', '116.212.183.147', '2016-06-08 10:40:44', 0, 1, 'Chennai', '91-44-22242223'),
(132, '', 'disha', 'brahmbhatt', NULL, 'disha120992@gmail.com', 'Y2F0dHkxMjA5', '', '49.213.46.111', '2016-06-10 20:51:47', 0, 1, '', ''),
(133, '', 'Pooja', 'Patel', NULL, 'Poojapatel1992@live.co.uk', 'cGVwcGFwMWcxOTky', '', '81.135.239.226', '2016-06-13 03:33:44', 0, 1, '', ''),
(134, '', 'Bindu', 'Rai', NULL, 'bindurai@gmail.com', 'aGVlbmExMTE=', '', '86.98.7.50', '2016-06-19 12:32:33', 0, 1, '', ''),
(135, '', 'Raj', 'Kundra', NULL, 'Raj.kundra@gmail.com', 'cmFqa3VuZHJh', '', '111.125.252.223', '2016-07-02 09:20:51', 0, 1, '', ''),
(136, '', 'Preethi', 'D', NULL, 'mozhi1331@gmail.com', 'bW93Z2xpMDkzMQ==', '', '117.193.137.97', '2016-07-06 10:54:02', 0, 1, '', ''),
(137, '', 'rahul', 'singh', NULL, 'singhnikhilesh21@gmail.com', 'MTIzNDU=', '', '27.251.209.242', '2016-07-15 12:45:21', 0, 1, '', ''),
(138, '', 'Bobby', 'Atwall', NULL, 'glyn_atwal@yahoo.com', 'UHVuZQ==', '', '84.59.167.5', '2016-07-15 19:54:03', 0, 1, '', ''),
(139, '', 'Naveen N', 'Jhavare Patil', NULL, 'nnjhavare.patil@gmail.com', 'bWg0NnQ5OTM5', '', '182.48.238.92', '2016-07-19 18:03:09', 0, 1, '', ''),
(140, '', 'rekha', 'tripathi', NULL, 'rekhajasmine23@gmail.com', 'dml2ZWsyMg==', '', '82.196.164.179', '2016-07-23 21:33:14', 0, 1, '', ''),
(141, '', 'indira', 'mudiraj', NULL, 'vinni0771@gmail.com', 'bXlsaWZlYXRuYWdhcmFt', '', '115.98.133.91', '2016-08-03 10:19:34', 0, 1, '', ''),
(142, '1041499995957312', 'Dasari Lakshmi Sivarama', 'Prasad', NULL, 'prasaddls1@gmail.com', '', '', '103.12.119.134', '2016-08-30 15:45:24', 0, 1, '', ''),
(143, '', 'Mohit ', 'Dhoka', NULL, 'moh123it@gmail.com', 'bXNkMTMxMDE5OTM=', '', '14.139.121.55', '2016-08-31 00:04:06', 0, 1, '', ''),
(144, '', 'Test', 'Marriott', NULL, 'mvennila@interaktmail.com', 'dmVubmlsYQ==', '', '116.212.183.147', '2016-09-01 12:10:31', 0, 1, 'Chennai', '91-8344991133'),
(145, '', 'Arun', 'Varadarajan', NULL, 'arunvaradarajan88@gmail.com', 'd2F6enVb', '', '49.206.120.221', '2016-09-01 14:25:12', 0, 1, 'Chennai', '91-44-22248806'),
(146, '', 'Basil', 'Shaju', NULL, 'bazilsby@gmail.com', 'MTIzNDU2', '', '106.66.190.94', '2016-09-04 22:15:15', 0, 1, '', '');

-- --------------------------------------------------------

--
-- Table structure for table `user_details_history`
--

CREATE TABLE IF NOT EXISTS `user_details_history` (
  `h_id` int(11) NOT NULL AUTO_INCREMENT,
  `ud_id` int(11) NOT NULL,
  `logged_on` varchar(12) NOT NULL,
  PRIMARY KEY (`h_id`)
) ENGINE=InnoDB  DEFAULT CHARSET=latin1 AUTO_INCREMENT=341 ;

--
-- Dumping data for table `user_details_history`
--

INSERT INTO `user_details_history` (`h_id`, `ud_id`, `logged_on`) VALUES
(1, 19, '1432975385'),
(2, 19, '1432975397'),
(3, 20, '1433134462'),
(4, 19, '1433154805'),
(5, 19, '1433157962'),
(6, 19, '1433158102'),
(7, 1, '1433160858'),
(8, 19, '1433478296'),
(9, 21, '1433483602'),
(10, 19, '1433483732'),
(11, 19, '1433499090'),
(12, 19, '1433732734'),
(13, 19, '1433830312'),
(14, 22, '1434041903'),
(15, 22, '1434108075'),
(16, 22, '1434108219'),
(17, 1, '1434433855'),
(18, 20, '1434611652'),
(19, 19, '1434624129'),
(20, 19, '1434696300'),
(21, 19, '1434700726'),
(22, 19, '1435038541'),
(23, 19, '1435046165'),
(24, 23, '1435312728'),
(25, 24, '1435736613'),
(26, 25, '1435745737'),
(27, 26, '1435755438'),
(28, 27, '1435827672'),
(29, 19, '1435828727'),
(30, 19, '1435895340'),
(31, 28, '1435997538'),
(32, 29, '1436094665'),
(33, 30, '1436111706'),
(34, 30, '1436111710'),
(35, 30, '1436111710'),
(36, 31, '1436140942'),
(37, 27, '1436241826'),
(38, 32, '1436245133'),
(39, 33, '1436249600'),
(40, 34, '1436256663'),
(41, 35, '1436257398'),
(42, 36, '1436351082'),
(43, 37, '1436415940'),
(44, 38, '1436437653'),
(45, 39, '1436632482'),
(46, 40, '1437455871'),
(47, 41, '1437485882'),
(48, 42, '1437642868'),
(49, 43, '1437656389'),
(50, 44, '1438247665'),
(51, 45, '1438602106'),
(52, 46, '1439537328'),
(53, 47, '1439541594'),
(54, 48, '1439544306'),
(55, 49, '1439546339'),
(56, 50, '1439549100'),
(57, 51, '1439555711'),
(58, 52, '1439568843'),
(59, 53, '1439574833'),
(60, 54, '1439580148'),
(61, 30, '1439620563'),
(62, 30, '1439620564'),
(63, 55, '1439622017'),
(64, 56, '1439626087'),
(65, 57, '1439628361'),
(66, 57, '1439642141'),
(67, 57, '1439642143'),
(68, 57, '1439642144'),
(69, 58, '1439668001'),
(70, 57, '1439706462'),
(71, 57, '1439706464'),
(72, 59, '1439739543'),
(73, 60, '1439790925'),
(74, 61, '1439800229'),
(75, 30, '1439811901'),
(76, 62, '1439814032'),
(77, 62, '1439816314'),
(78, 62, '1439816795'),
(79, 63, '1439821174'),
(80, 64, '1439839236'),
(81, 65, '1439845498'),
(82, 66, '1439904824'),
(83, 67, '1439965422'),
(84, 68, '1439975413'),
(85, 69, '1439977326'),
(86, 70, '1439983761'),
(87, 71, '1439984372'),
(88, 72, '1439987598'),
(89, 73, '1440037021'),
(90, 73, '1440038440'),
(91, 74, '1440050489'),
(92, 75, '1440052417'),
(93, 76, '1440163370'),
(94, 77, '1440225029'),
(95, 78, '1440238293'),
(96, 79, '1440246490'),
(97, 80, '1440396721'),
(98, 81, '1440402722'),
(99, 82, '1440413118'),
(100, 83, '1440419925'),
(101, 84, '1440481813'),
(102, 85, '1440488104'),
(103, 86, '1440490164'),
(104, 87, '1440497704'),
(105, 88, '1440500553'),
(106, 89, '1441437241'),
(107, 90, '1441703829'),
(108, 90, '1441703882'),
(109, 90, '1441704261'),
(110, 91, '1441808191'),
(111, 91, '1441808689'),
(112, 92, '1441855610'),
(113, 93, '1441894165'),
(114, 94, '1442399534'),
(115, 94, '1442814198'),
(116, 94, '1442915564'),
(117, 95, '1442924442'),
(118, 30, '1443217120'),
(119, 30, '1443244879'),
(120, 96, '1444113638'),
(121, 97, '1444193823'),
(122, 97, '1444250414'),
(123, 94, '1445333556'),
(124, 94, '1445595688'),
(125, 94, '1445598010'),
(126, 94, '1445598311'),
(127, 94, '1445599550'),
(128, 94, '1445599722'),
(129, 98, '1445607129'),
(130, 94, '1445613225'),
(131, 94, '1445614089'),
(132, 30, '1445860525'),
(133, 98, '1445951497'),
(134, 30, '1446279480'),
(135, 30, '1446320015'),
(136, 99, '1446888379'),
(137, 94, '1447324707'),
(138, 98, '1447325503'),
(139, 98, '1447325537'),
(140, 94, '1447325743'),
(141, 100, '1447333238'),
(142, 101, '1447625231'),
(143, 94, '1447649728'),
(144, 94, '1447659537'),
(145, 102, '1447824044'),
(146, 94, '1447995218'),
(147, 94, '1448014629'),
(148, 94, '1448431246'),
(149, 94, '1448706115'),
(150, 103, '1448855645'),
(151, 104, '1448947039'),
(152, 104, '1448994967'),
(153, 104, '1449030428'),
(154, 104, '1449128314'),
(155, 104, '1449203847'),
(156, 104, '1449205152'),
(157, 104, '1449208530'),
(158, 94, '1449837974'),
(159, 94, '1449838036'),
(160, 104, '1450151005'),
(161, 105, '1450553433'),
(162, 106, '1450687412'),
(163, 94, '1452065874'),
(164, 107, '1452252695'),
(165, 107, '1452321479'),
(166, 108, '1452331299'),
(167, 30, '1452447984'),
(168, 30, '1452447986'),
(169, 109, '1452625678'),
(170, 109, '1452625934'),
(171, 30, '1452669561'),
(172, 30, '1452669566'),
(173, 98, '1453098561'),
(174, 98, '1453099622'),
(175, 98, '1453099626'),
(176, 98, '1453099626'),
(177, 110, '1453106551'),
(178, 111, '1453211731'),
(179, 107, '1453376881'),
(180, 112, '1453379715'),
(181, 94, '1454585870'),
(182, 107, '1454586471'),
(183, 94, '1454672568'),
(184, 94, '1454998315'),
(185, 94, '1455007743'),
(186, 94, '1455017673'),
(187, 94, '1455114432'),
(188, 94, '1455114567'),
(189, 107, '1455119728'),
(190, 21, '1455185611'),
(191, 98, '1455263171'),
(192, 113, '1455975933'),
(193, 107, '1457007417'),
(194, 98, '1458574271'),
(195, 98, '1458621017'),
(196, 114, '1458705416'),
(197, 107, '1458735659'),
(198, 107, '1458736535'),
(199, 115, '1459212917'),
(200, 98, '1459312148'),
(201, 98, '1459312166'),
(202, 98, '1459312200'),
(203, 98, '1459312253'),
(204, 98, '1459320618'),
(205, 98, '1459320682'),
(206, 30, '1459320729'),
(207, 116, '1459333000'),
(208, 98, '1459343517'),
(209, 98, '1459343554'),
(210, 30, '1459343603'),
(211, 117, '1459597044'),
(212, 118, '1459838943'),
(213, 119, '1459850002'),
(214, 98, '1460034463'),
(215, 30, '1460241735'),
(216, 30, '1460241793'),
(217, 120, '1460241802'),
(218, 30, '1460241814'),
(219, 30, '1460241817'),
(220, 120, '1460241831'),
(221, 120, '1460241832'),
(222, 30, '1460705282'),
(223, 30, '1460705285'),
(224, 30, '1460965661'),
(225, 121, '1460985880'),
(226, 122, '1461030883'),
(227, 30, '1461050732'),
(228, 121, '1461051932'),
(229, 121, '1461052184'),
(230, 122, '1461136369'),
(231, 30, '1461662540'),
(232, 30, '1461735268'),
(233, 30, '1461831621'),
(234, 30, '1462004982'),
(235, 30, '1462263091'),
(236, 123, '1462327469'),
(237, 120, '1462347081'),
(238, 30, '1462432944'),
(239, 30, '1462432946'),
(240, 30, '1462551398'),
(241, 30, '1462692371'),
(242, 30, '1462778236'),
(243, 30, '1462778341'),
(244, 30, '1462865737'),
(245, 30, '1463038144'),
(246, 30, '1463211081'),
(247, 30, '1463383950'),
(248, 30, '1463472124'),
(249, 124, '1463645226'),
(250, 125, '1463720629'),
(251, 126, '1463856074'),
(252, 30, '1464334248'),
(253, 127, '1464684921'),
(254, 30, '1464765973'),
(255, 30, '1464939455'),
(256, 30, '1465024982'),
(257, 128, '1465142736'),
(258, 129, '1465165606'),
(259, 130, '1465206707'),
(260, 131, '1465362668'),
(261, 30, '1465371151'),
(262, 30, '1465371158'),
(263, 30, '1465371192'),
(264, 120, '1465371193'),
(265, 30, '1465371196'),
(266, 120, '1465371196'),
(267, 132, '1465572131'),
(268, 30, '1465632903'),
(269, 30, '1465721342'),
(270, 133, '1465769048'),
(271, 30, '1465811648'),
(272, 30, '1465984036'),
(273, 134, '1466319777'),
(274, 30, '1466321277'),
(275, 30, '1466926718'),
(276, 30, '1467013057'),
(277, 135, '1467431475'),
(278, 30, '1467444301'),
(279, 136, '1467782666'),
(280, 30, '1467962305'),
(281, 30, '1467962362'),
(282, 30, '1468221966'),
(283, 120, '1468394624'),
(284, 137, '1468566945'),
(285, 30, '1468567292'),
(286, 138, '1468592667'),
(287, 30, '1468740566'),
(288, 30, '1468827250'),
(289, 139, '1468931613'),
(290, 30, '1468999526'),
(291, 140, '1469289818'),
(292, 30, '1469517379'),
(293, 30, '1469604351'),
(294, 30, '1469863349'),
(295, 141, '1470199798'),
(296, 30, '1470205952'),
(297, 30, '1470208892'),
(298, 30, '1470295515'),
(299, 30, '1470468603'),
(300, 30, '1470554328'),
(301, 30, '1470554346'),
(302, 120, '1470554353'),
(303, 120, '1470554355'),
(304, 120, '1470554360'),
(305, 30, '1470727386'),
(306, 120, '1470986719'),
(307, 30, '1471159178'),
(308, 30, '1471245476'),
(309, 30, '1471245479'),
(310, 30, '1472195992'),
(311, 30, '1472196002'),
(312, 30, '1472540338'),
(313, 120, '1472541686'),
(314, 30, '1472549431'),
(315, 142, '1472552148'),
(316, 143, '1472582070'),
(317, 144, '1472712055'),
(318, 144, '1472713788'),
(319, 145, '1472720136'),
(320, 144, '1472720155'),
(321, 144, '1472720998'),
(322, 144, '1472721312'),
(323, 144, '1472791131'),
(324, 30, '1472800788'),
(325, 30, '1472887691'),
(326, 146, '1473007539'),
(327, 144, '1473136128'),
(328, 144, '1473138378'),
(329, 30, '1473146964'),
(330, 30, '1473146969'),
(331, 120, '1473146980'),
(332, 30, '1473146991'),
(333, 120, '1473146993'),
(334, 120, '1473147018'),
(335, 120, '1473147019'),
(336, 30, '1473147021'),
(337, 144, '1473152565'),
(338, 144, '1473157632'),
(339, 144, '1474370270'),
(340, 74, '1476369787');

-- --------------------------------------------------------

--
-- Table structure for table `user_master`
--

CREATE TABLE IF NOT EXISTS `user_master` (
  `id` bigint(20) NOT NULL AUTO_INCREMENT,
  `username` text NOT NULL,
  `password` text NOT NULL,
  PRIMARY KEY (`id`)
) ENGINE=MyISAM  DEFAULT CHARSET=latin1 AUTO_INCREMENT=2 ;

--
-- Dumping data for table `user_master`
--

INSERT INTO `user_master` (`id`, `username`, `password`) VALUES
(1, 'admin', '1a0599a9ed318025f781716ab4b25c19');

-- --------------------------------------------------------

--
-- Table structure for table `venue`
--

CREATE TABLE IF NOT EXISTS `venue` (
  `id` int(11) NOT NULL AUTO_INCREMENT,
  `name` varchar(255) NOT NULL,
  `address` varchar(255) NOT NULL,
  `city` varchar(255) NOT NULL,
  `country` varchar(255) NOT NULL,
  `pincode` int(10) NOT NULL,
  `description` text NOT NULL,
  `image` varchar(255) NOT NULL,
  `phone` int(11) NOT NULL,
  `rooms` int(11) NOT NULL,
  `banquet_halls` int(11) NOT NULL,
  `largest_hall_capacity` int(11) NOT NULL,
  `status` int(1) NOT NULL DEFAULT '1',
  `created_date` datetime NOT NULL,
  `modified_date` timestamp NOT NULL DEFAULT CURRENT_TIMESTAMP,
  PRIMARY KEY (`id`)
) ENGINE=MyISAM DEFAULT CHARSET=latin1 AUTO_INCREMENT=1 ;

--
-- Dumping data for table `venue`
--


/*!40101 SET CHARACTER_SET_CLIENT=@OLD_CHARACTER_SET_CLIENT */;
/*!40101 SET CHARACTER_SET_RESULTS=@OLD_CHARACTER_SET_RESULTS */;
/*!40101 SET COLLATION_CONNECTION=@OLD_COLLATION_CONNECTION */;
